Company,Job_name,Applicants,Job_level,Employees,Followers,Industry,Job_type,City,State,Country,Unrequired
JLL,Technical Executive,2,Associate,10001+,1627082,Real Estate,Full-time,Bengaluru,Karnataka,India,12
NTT DATA Services,Business Operations Analyst,81,Entry level,10001+,476060,IT Services and IT Consulting,Full-time,Bengaluru,Karnataka,India,12
Target,Sr Item Data Specialist,3,Mid-Senior level,10001+,1641065,Retail,Full-time,Bengaluru,Karnataka,India,12
ANZ,Engineer,29,Entry level,10001+,575389,Banking,Full-time,Bengaluru,Karnataka,India,12
Citi,Business Analytics Analyst,72,Entry level,10001+,3969089,Financial Services,Full-time,Bengaluru,Karnataka,India,12
Wells Fargo,Lead Data Management Analyst,1,Mid-Senior level,10001+,2087385,Financial Services,Full-time,Bengaluru,Karnataka,India,12
Bayer,Associate - Invoice Processing,82,Entry level,10001+,4698143,Chemical Manufacturing,Full-time,Bengaluru,Karnataka,India,12
Wells Fargo,Lead Data Management Analyst,1,Mid-Senior level,10001+,2087385,Financial Services,Full-time,Bengaluru,Karnataka,India,12
Accenture in India,Corporate Mobility Tax Associate,11,Entry level,10001+,1558780,IT Services and IT Consulting,Full-time,Bengaluru,Karnataka,India,12
Bajaj Finserv,Assistant Manager - Debt Management Services - SME(JR00105538),4,Entry level,10001+,914083,Financial Services,Full-time,Kolar,Karnataka,India,12
HP,Senior Analytics Data Engineer,22,Mid-Senior level,10001+,5168340,IT Services and IT Consulting,Full-time,Bengaluru,Karnataka,India,12
Bayer,Senior Associate - PI,30,Mid-Senior level,10001+,4698143,Chemical Manufacturing,Full-time,Bengaluru,Karnataka,India,12
Bajaj Finserv,Cluster Manager - Urban Two Wheeler/Senior Cluster Manager - Urban Two Wheeler(JR00105607),10,Entry level,10001+,914083,Financial Services,Full-time,Bengaluru,Karnataka,India,12
JLL,Technical Executive,0,Associate,10001+,1627082,Real Estate,Full-time,Bengaluru,Karnataka,India,12
JLL,Technical Executive,0,Associate,10001+,1627082,Real Estate,Full-time,Bengaluru,Karnataka,India,12
Bajaj Finserv,Assistant Manager - Professional Loans(JR00105537),3,Entry level,10001+,914083,Financial Services,Full-time,Malappuram,Kerala,India,12
HP,Bus Operations Associate IV,25,Associate,10001+,5168340,IT Services and IT Consulting,Full-time,Bengaluru,Karnataka,India,12
Wells Fargo,Lead Data Management Analyst,1,Mid-Senior level,10001+,2087385,Financial Services,Full-time,Bengaluru,Karnataka,India,12
Wells Fargo,Lead Data Management Analyst,1,Mid-Senior level,10001+,2087385,Financial Services,Full-time,Bengaluru,Karnataka,India,12
Bajaj Finserv,Assistant Manager - Debt Management Services - Rural(JR00105552),3,Entry level,10001+,914083,Financial Services,Full-time,Pune,Maharashtra,India,12
Bajaj Finserv,Assistant Manager - Debt Management Services - Rural(JR00105554),0,Entry level,10001+,914083,Financial Services,Full-time,Pune,Maharashtra,India,12
Bajaj Finserv,Executive - Debt Management Services - Rural(JR00105582),1,Entry level,10001+,914083,Financial Services,Full-time,Gokak,Karnataka,India,12
NTT,Network Engineer,31,Entry level,10001+,128755,IT Services and IT Consulting,Full-time,Gurgaon,Haryana,India,12
ZF Group,Specialist,30,Mid-Senior level,10001+,915680,Motor Vehicle Manufacturing,Full-time,Chennai,Tamil Nadu,India,12
DBS Bank,Channel relationship manager,9,Entry level,10001+,802246,Banking,Full-time,Vijayawada,Andhra Pradesh,India,12
BD,Design Engineer,34,Entry level,10001+,761251,Medical Equipment Manufacturing,Full-time,Bengaluru,Karnataka,India,12
Bajaj Finserv,Assistant Manager - Debt Management Services - Rural(JR00105553),0,Entry level,10001+,914083,Financial Services,Full-time,Pune,Maharashtra,India,12
Accenture in India,CN - MC - STRATEGY - RESOURCES - T&D - UTILITIES - 09,3,Mid-Senior level,10001+,1558780,IT Services and IT Consulting,Full-time,Bengaluru,Karnataka,India,12
Citi,EMEA Trade Operations - CTF C09,9,Entry level,10001+,3969089,Financial Services,Full-time,Mumbai,Maharashtra,India,12
Bajaj Finserv,Unit Manager - Business Loans/Senior Unit Manager - Business Loans(JR00105564),0,Entry level,10001+,914083,Financial Services,Full-time,Pune,Maharashtra,India,12
Syneos Health Commercial Solutions,Senior Scrum Master,55,Mid-Senior level,10001+,152503,Biotechnology Research,Full-time,Bengaluru,Karnataka,India,12
Shell,Data Account and Assets Analyst,0,Entry level,10001+,6146712,Oil and Gas,Full-time,Chennai,Tamil Nadu,India,12
Wells Fargo,Lead Data Management Analyst,0,Mid-Senior level,10001+,2087385,Financial Services,Full-time,Hyderabad,Telangana,India,12
State Street,DB/ETL Testing - Senior Associate,0,Entry level,10001+,467954,Financial Services,Full-time,Bengaluru,Karnataka,India,12
Citi,C05 – Ops Sup Specialist,1,Entry level,10001+,3969089,Financial Services,Full-time,Chennai,Tamil Nadu,India,12
Citi,C05 – Ops Sup Specialist,1,Entry level,10001+,3969089,Financial Services,Full-time,Chennai,Tamil Nadu,India,12
Citi,C05 – Ops Sup Specialist,4,Entry level,10001+,3969089,Financial Services,Full-time,Chennai,Tamil Nadu,India,12
Bajaj Finserv,Manager - PL - Prime - T2(JR00105609),25,Entry level,10001+,914083,Financial Services,Full-time,Lucknow,Uttar Pradesh,India,12
JLL,Fire and Security Officer,7,Associate,10001+,1627082,Real Estate,Full-time,Noida,Uttar Pradesh,India,12
Bajaj Finserv,Zonal Manager - Debt Management Services - Rural(JR00105519),3,Entry level,10001+,914083,Financial Services,Full-time,Bengaluru,Karnataka,India,12
ICON plc,Logistics Coordinator II,96,Entry level,10001+,378427,Pharmaceutical Manufacturing,Full-time,Bengaluru,Karnataka,India,12
HSBC,Business Analyst/RBWM COO,20,Entry level,10001+,3193445,Financial Services,Full-time,Pune,Maharashtra,India,12
ZF Group,Connected Services Expert,0,Mid-Senior level,10001+,915680,Motor Vehicle Manufacturing,Full-time,Chennai,Tamil Nadu,India,12
PepsiCo,Associate Manager Reporting Factory - Report Production Analyst,2,Mid-Senior level,10001+,7012501,Food and Beverage Services,Full-time,Peerancheru,Telangana,India,12
State Street,"Emerging Leader, Global Billing Operations",0,Entry level,10001+,467954,Financial Services,Full-time,Bengaluru,Karnataka,India,12
ANZ,Engineer,2,Entry level,10001+,575389,Banking,Full-time,Bengaluru,Karnataka,India,12
JLL,Technical Executive,6,Mid-Senior level,10001+,1627082,Real Estate,Full-time,Hyderabad,Telangana,India,12
Bain & Company,"Manager, NPS Prism",1,Entry level,10001+,1597500,Business Consulting and Services,Full-time,Gurugram,Haryana,India,12
Wells Fargo,Data Management Manager,11,Mid-Senior level,10001+,2087385,Financial Services,Full-time,Bengaluru,Karnataka,India,12
Citi,Ops Support Analyst,14,Entry level,10001+,3969089,Financial Services,Full-time,Chennai,Tamil Nadu,India,12
Bajaj Finserv,Manager - Fixed Deposits(JR00105542),1,Entry level,10001+,914083,Financial Services,Full-time,Krishnagiri,Tamil Nadu,India,12
Bajaj Finserv,Executive - Debt Management Services - Rural(JR00105583),1,Entry level,10001+,914083,Financial Services,Full-time,Mawal,Maharashtra,India,12
Bajaj Finserv,Assistant Manager - PLCS - Growth(JR00105562),8,Entry level,10001+,914083,Financial Services,Full-time,Pune,Maharashtra,India,12
Bajaj Finserv,Assistant Manager - PLCS - Growth(JR00105567),5,Entry level,10001+,914083,Financial Services,Full-time,Kadapa Mandal,Andhra Pradesh,India,12
Bajaj Finserv,Executive - Debt Management Services - Rural(JR00105575),5,Entry level,10001+,914083,Financial Services,Full-time,Raigarh,Chhattisgarh,India,12
Bajaj Finserv,Assistant Manager - Debt Management Services - Rural(JR00105556),0,Entry level,10001+,914083,Financial Services,Full-time,Firozpur,Punjab,India,12
Shell,Data Account and Assets Analyst,0,Entry level,10001+,6146712,Oil and Gas,Full-time,Chennai,Tamil Nadu,India,12
Bajaj Finserv,Manager - IT(JR00105592),17,Entry level,10001+,914083,Financial Services,Full-time,Pune,Maharashtra,India,12
Barclays,Progression Analyst,6,Associate,10001+,1336879,Financial Services,Full-time,Chennai,Tamil Nadu,India,12
HSBC,Consultant Specialist,0,Entry level,10001+,3193445,Financial Services,Full-time,Pune,Maharashtra,India,12
Bajaj Finserv,Executive - Debt Management Services - Rural(JR00105586),1,Entry level,10001+,914083,Financial Services,Full-time,Phaltan,Maharashtra,India,12
PepsiCo,Deputy Manager- Reporting Factory - Report Production Analyst,0,Mid-Senior level,10001+,7012501,Food and Beverage Services,Full-time,Peerancheru,Telangana,India,12
ZF Group,Specialist - Cyber Security,44,Mid-Senior level,10001+,915680,Motor Vehicle Manufacturing,Full-time,Chennai,Tamil Nadu,India,12
Wells Fargo,Lead Data Management Analyst,0,Mid-Senior level,10001+,2087385,Financial Services,Full-time,Hyderabad,Telangana,India,12
ZF Group,Senior System Engineer,21,Mid-Senior level,10001+,915680,Motor Vehicle Manufacturing,Full-time,Chennai,Tamil Nadu,India,12
Bajaj Finserv,Lead - Payments - EDC(JR00105563),6,Entry level,10001+,914083,Financial Services,Full-time,Mumbai,Maharashtra,India,12
Bajaj Finserv,Assistant Manager - Debt Management Services - SME(JR00105536),10,Entry level,10001+,914083,Financial Services,Full-time,Delhi,Delhi,India,12
Bajaj Finserv,Assistant Manager - Debt Management Services - SME(JR00105545),8,Entry level,10001+,914083,Financial Services,Full-time,Udaipur,Rajasthan,India,12
Wells Fargo,Lead Data Management Analyst,2,Mid-Senior level,10001+,2087385,Financial Services,Full-time,Hyderabad,Telangana,India,12
Bajaj Finserv,Assistant Manager - Debt Management Services - SME(JR00105618),4,Entry level,10001+,914083,Financial Services,Full-time,Jodhpur,Rajasthan,India,12
Gartner,Recruiting Program Specialist,66,Entry level,10001+,1496350,Information Services,Full-time,Gurgaon,Haryana,India,12
ANZ,Engineer,0,Entry level,10001+,575389,Banking,Full-time,Bengaluru,Karnataka,India,12
Bajaj Finserv,Executive - Debt Management Services - Rural(JR00105581),2,Entry level,10001+,914083,Financial Services,Full-time,Kadi,Gujarat,India,12
EPAM Systems,Microsoft Technology - Lead Software Engineer (.NET Core and Angular),7,Associate,10001+,822417,IT Services and IT Consulting,Full-time,Bisra,Odisha,India,12
Bajaj Finserv,Assistant Manager - Debt Management Services - Cards(JR00105528),11,Entry level,10001+,914083,Financial Services,Full-time,Delhi,Delhi,India,12
Bajaj Finserv,Executive - Debt Management Services - Rural(JR00105579),0,Entry level,10001+,914083,Financial Services,Full-time,Kheda,Gujarat,India,12
Bajaj Finserv,Zonal Manager - Debt Management Services - Rural(JR00105615),5,Entry level,10001+,914083,Financial Services,Full-time,Coimbatore,Tamil Nadu,India,12
DBS Bank,CSO - Borivali Branch,0,Executive,10001+,802246,Banking,Full-time,Mumbai,Maharashtra,India,12
Bajaj Finserv,Executive - Debt Management Services - Rural(JR00105577),1,Entry level,10001+,914083,Financial Services,Full-time,Amreli,Gujarat,India,12
Bajaj Finserv,Executive - Debt Management Services - Rural(JR00105557),0,Entry level,10001+,914083,Financial Services,Full-time,Guhla,Haryana,India,12
Bajaj Finserv,Executive - Debt Management Services - Rural(JR00105576),0,Entry level,10001+,914083,Financial Services,Full-time,Rajula,Gujarat,India,12
Bajaj Finserv,Executive - Debt Management Services - Rural(JR00105580),0,Entry level,10001+,914083,Financial Services,Full-time,Surendranagar,Gujarat,India,12
Bajaj Finserv,Assistant Manager - Debt Management Services - Cards(JR00105525),2,Entry level,10001+,914083,Financial Services,Full-time,Nashik,Maharashtra,India,12
Bajaj Finserv,Assistant Manager - Credit Operations(JR00105547),17,Entry level,10001+,914083,Financial Services,Full-time,Pune,Maharashtra,India,12
Bajaj Finserv,Assistant Manager - PL - Prime - T2(JR00105532),11,Entry level,10001+,914083,Financial Services,Full-time,Jamshedpur,Jharkhand,India,12
Bajaj Finserv,Assistant Manager - Debt Management Services - Cards(JR00105527),3,Entry level,10001+,914083,Financial Services,Full-time,Valsad,Gujarat,India,12
EY,Consultant - Assurance - National - Sustainability Services,2,Mid-Senior level,10001+,7139182,Professional Services,Full-time,Mumbai,Maharashtra,India,12
Bajaj Finserv,Executive - Debt Management Services - Rural(JR00105578),2,Entry level,10001+,914083,Financial Services,Full-time,Nadiad,Gujarat,India,12
Sanofi,Regulatory Head - GEMS,25,Mid-Senior level,10001+,3404440,Pharmaceutical Manufacturing,Full-time,Mumbai,Maharashtra,India,12
Bajaj Finserv,Assistant Manager - Credit Operations(JR00105533),5,Entry level,10001+,914083,Financial Services,Full-time,Surat,Gujarat,India,12
Bajaj Finserv,Executive - Debt Management Services - Rural(JR00105573),0,Entry level,10001+,914083,Financial Services,Full-time,Nilokheri,Haryana,India,12
Bajaj Finserv,Executive - Debt Management Services - Rural(JR00105570),1,Entry level,10001+,914083,Financial Services,Full-time,Udham Singh Nagar,Uttarakhand,India,12
Bajaj Finserv,Assistant Manager - PL - Prime - T2(JR00105531),3,Entry level,10001+,914083,Financial Services,Full-time,Kakinada,Andhra Pradesh,India,12
Stryker,Technical Support Engineer 2,20,Associate,10001+,1038717,Medical Equipment Manufacturing,Full-time,Bengaluru,Karnataka,India,12
Stryker,Technical Support Engineer 2,9,Associate,10001+,1038717,Medical Equipment Manufacturing,Full-time,Bengaluru,Karnataka,India,12
NTT,Technical Specialist,4,Mid-Senior level,10001+,128755,IT Services and IT Consulting,Full-time,Bengaluru,Karnataka,India,12
Bajaj Finserv,Executive - Debt Management Services - Rural(JR00105569),4,Entry level,10001+,914083,Financial Services,Full-time,Rudrapur,Uttarakhand,India,12
Barclays,Vector Support Analyst,2,Associate,10001+,1336879,Financial Services,Full-time,Pune,Maharashtra,India,12
Stryker,Technical Support Engineer 2,12,Associate,10001+,1038717,Medical Equipment Manufacturing,Full-time,Bengaluru,Karnataka,India,12
Bajaj Finserv,Executive - Debt Management Services - Rural(JR00105559),0,Entry level,10001+,914083,Financial Services,Full-time,Balachaur,Punjab,India,12
Bajaj Finserv,Assistant Manager - CD - Growth North & East(JR00105534),5,Entry level,10001+,914083,Financial Services,Full-time,Jamalpur,Bihar,India,12
Bajaj Finserv,Executive - Credit Operations(JR00105617),1,Entry level,10001+,914083,Financial Services,Full-time,Amalner,Maharashtra,India,12
Bajaj Finserv,Executive - Debt Management Services - Rural(JR00105574),3,Entry level,10001+,914083,Financial Services,Full-time,Barara,Haryana,India,12
Citi,Credit Risk QA Analyst | Officer | Chennai | R22095871,27,Entry level,10001+,3969089,Financial Services,Full-time,Chennai,Tamil Nadu,India,12
Citi,Trade RM - Process Automation,3,Entry level,10001+,3969089,Financial Services,Full-time,Chennai,Tamil Nadu,India,12
Caterpillar Inc.,AIT - Tax Provision and Financial Reporting,3,Entry level,10001+,1518744,Machinery Manufacturing,Full-time,Bengaluru,Karnataka,India,12
Bajaj Finserv,Assistant Manager - Debt Management Services - SME(JR00105535),3,Entry level,10001+,914083,Financial Services,Full-time,Kolkata,West Bengal,India,12
Bajaj Finserv,Assistant Manager - SALPL - Growth(JR00105587),6,Entry level,10001+,914083,Financial Services,Full-time,Hazaribag,Jharkhand,India,12
Bajaj Finserv,Deputy Area Manager - Debt Management Services - Rural(JR00105591),0,Entry level,10001+,914083,Financial Services,Full-time,Kamuthi,Tamil Nadu,India,12
Bajaj Finserv,Manager - CD - Growth North & East(JR00105589),4,Entry level,10001+,914083,Financial Services,Full-time,Darbhanga,Bihar,India,12
Citi,Business Analytics Analyst,14,Entry level,10001+,3969089,Financial Services,Full-time,Bengaluru,Karnataka,India,12
Bajaj Finserv,Executive - Debt Management Services - Rural(JR00105560),1,Entry level,10001+,914083,Financial Services,Full-time,Malerkotla,Punjab,India,12
Syneos Health,SW Technical Lead (Apex),0,Entry level,10001+,400407,Biotechnology Research,Full-time,Hyderabad,Telangana,India,12
NatWest Group,Customer Service & Operations Analyst,18,Associate,10001+,541014,Banking,Full-time,Chennai,Tamil Nadu,India,12
Wells Fargo,Lead Data Management Analyst,4,Mid-Senior level,10001+,2087385,Financial Services,Full-time,Hyderabad,Telangana,India,12
Aster DM Healthcare,Associate.Outpatient Services.Aster CMI Hospital Bangalore,5,Entry level,10001+,312340,Hospitals and Health Care,Full-time,Bengaluru,Karnataka,India,12
Siemens Healthineers,SAP IT Consultant SAP Customer Service (CS),10,Mid-Senior level,10001+,876338,Hospitals and Health Care,Full-time,Bengaluru,Karnataka,India,12
Wells Fargo,Senior System Operations Engineer,3,Mid-Senior level,10001+,2087385,Financial Services,Full-time,Hyderabad,Telangana,India,12
DBS Bank,CSO Executive,0,Executive,10001+,802246,Banking,Full-time,Bengaluru,Karnataka,India,12
ANZ,Engineer,14,Entry level,10001+,575389,Banking,Full-time,Bengaluru,Karnataka,India,12
Philips,FP&A Analyst Deputy Manager,3,Entry level,10001+,2196468,Hospitals and Health Care,Full-time,Chennai,Tamil Nadu,India,12
Bajaj Finserv,Executive - Debt Management Services - Rural(JR00105572),1,Entry level,10001+,914083,Financial Services,Full-time,Rohtak,Haryana,India,12
ZF Group,Senior Software Engineer,1,Mid-Senior level,10001+,915680,Motor Vehicle Manufacturing,Full-time,Chennai,Tamil Nadu,India,12
JLL,Assistant Manager - Billing,11,Mid-Senior level,10001+,1627082,Real Estate,Full-time,Mumbai,Maharashtra,India,12
Bajaj Finserv,Executive - Debt Management Services - Rural(JR00105546),6,Entry level,10001+,914083,Financial Services,Full-time,Shahdol,Madhya Pradesh,India,12
ZF Group,Senior Software Engineer,12,Mid-Senior level,10001+,915680,Motor Vehicle Manufacturing,Full-time,Chennai,Tamil Nadu,India,12
ZF Group,Senior Software Engineer,7,Mid-Senior level,10001+,915680,Motor Vehicle Manufacturing,Full-time,Chennai,Tamil Nadu,India,12
Bajaj Finserv,Assistant Manager - Debt Management Services - Cards(JR00105526),6,Entry level,10001+,914083,Financial Services,Full-time,Kolkata,West Bengal,India,12
NCR Corporation,IT Helpdesk Analyst,18,Entry level,10001+,440749,IT Services and IT Consulting,Full-time,Mumbai,Maharashtra,India,12
Prysmian Group,HR Assistant,10,Entry level,10001+,324724,Consumer Goods,Full-time,Sohar,Madhya Pradesh,India,12
Bajaj Finserv,Manager - SALPL - Prime(JR00098158),6,Entry level,10001+,914083,Financial Services,Full-time,Chennai,Tamil Nadu,India,12
Alcon,"Head Marketing Vison Care, India",22,Director,10001+,522987,Medical Equipment Manufacturing,Full-time,Bengaluru,Karnataka,India,12
"KBR, Inc.",Project Engineer,55,Entry level,10001+,529441,Professional Services,Full-time,Chennai,Tamil Nadu,India,12
State Street,Global Anti-Money Laundering Center - Vice President,2,Entry level,10001+,467954,Financial Services,Full-time,Hyderabad,Telangana,India,12
Shell,Associate Project Manager-V&C,1,Entry level,10001+,6146712,Oil and Gas,Full-time,Bengaluru,Karnataka,India,12
Wells Fargo,Data Management Analyst,7,Associate,10001+,2087385,Financial Services,Full-time,Bengaluru,Karnataka,India,12
ZF Group,Functional Safety Manager,25,Mid-Senior level,10001+,915680,Motor Vehicle Manufacturing,Full-time,Chennai,Tamil Nadu,India,12
Bajaj Finserv,Executive - Debt Management Services - Rural(JR00105568),1,Entry level,10001+,914083,Financial Services,Full-time,Firozpur,Punjab,India,12
Bajaj Finserv,Executive - Debt Management Services - Rural(JR00105558),0,Entry level,10001+,914083,Financial Services,Full-time,Firozpur,Punjab,India,12
HSBC,Analyst – Global CDD Utility-GSC’s,15,Entry level,10001+,3193445,Financial Services,Full-time,Bengaluru,Karnataka,India,12
Mott MacDonald,Chief Bridge Engineer,0,Mid-Senior level,10001+,544632,Civil Engineering,Contract,Prayagraj,Uttar Pradesh,India,12
Bajaj Finserv,Assistant Manager - Professional Loans(JR00105550),9,Entry level,10001+,914083,Financial Services,Full-time,Ranchi,Jharkhand,India,12
Citi,Specialized Analytics Manager,9,Entry level,10001+,3969089,Financial Services,Full-time,Bengaluru,Karnataka,India,12
Bajaj Finserv,Assistant Manager - BFS Direct(JR00105601),7,Entry level,10001+,914083,Financial Services,Full-time,Pune,Maharashtra,India,12
Barclays,Process Advisor,7,Associate,10001+,1336879,Financial Services,Full-time,Chennai,Tamil Nadu,India,12
Bajaj Finserv,Zonal Manager - Debt Management Services - Rural(JR00105597),4,Entry level,10001+,914083,Financial Services,Full-time,Vijayawada,Andhra Pradesh,India,12
Barclays,Analyst,26,Associate,10001+,1336879,Financial Services,Full-time,Chennai,Tamil Nadu,India,12
OpenText,Consultant - Info Archive,2,Mid-Senior level,10001+,270900,Software Development,Full-time,Hyderabad,Telangana,India,12
HP,Cloud Data Engineer,18,Mid-Senior level,10001+,5168340,IT Services and IT Consulting,Full-time,Bengaluru,Karnataka,India,12
HP,Cloud Data Engineer,23,Mid-Senior level,10001+,5168340,IT Services and IT Consulting,Full-time,Bengaluru,Karnataka,India,12
ZF Group,Senior Team Leader,9,Mid-Senior level,10001+,915680,Motor Vehicle Manufacturing,Full-time,Chennai,Tamil Nadu,India,12
Citi,Senior Data scientist / Principal Data science analyst,27,Entry level,10001+,3969089,Financial Services,Full-time,Bengaluru,Karnataka,India,12
Bajaj Finserv,Area Manager - Business Loans/Senior Area Manager - Business Loans(JR00105555),5,Entry level,10001+,914083,Financial Services,Full-time,Bengaluru,Karnataka,India,12
"KBR, Inc.",Associate Designer (HCL),8,Entry level,10001+,529441,Professional Services,Full-time,Chennai,Tamil Nadu,India,12
Bajaj Finserv,Assistant Manager - PLCS - Growth(JR00105523),9,Entry level,10001+,914083,Financial Services,Full-time,Ghazipur,Uttar Pradesh,India,12
Bajaj Finserv,Executive Assistant(JR00105614),44,Entry level,10001+,914083,Financial Services,Full-time,Pune,Maharashtra,India,12
Tech Mahindra,Customer Support Associate,21,Entry level,10001+,4114042,IT Services and IT Consulting,Full-time,Bhubaneswar,Odisha,India,12
Synchrony,"Manager, Risk Data Governance, Credit Analytics (L09)",5,Associate,10001+,112276,Financial Services,Full-time,Hyderabad,Telangana,India,12
HSBC,Consultant Specialist/Enterprise Technology,0,Entry level,10001+,3193445,Financial Services,Full-time,Hyderabad,Telangana,India,12
"KBR, Inc.",Technical Professional - Piping TechM,1,Mid-Senior level,10001+,529441,Professional Services,Full-time,Pune,Maharashtra,India,12
HP,ALPACA Privacy IT Developer.,2,Entry level,10001+,5168340,IT Services and IT Consulting,Full-time,Bengaluru,Karnataka,India,12
Wells Fargo,Senior Data Management Analyst,6,Mid-Senior level,10001+,2087385,Financial Services,Full-time,Bengaluru,Karnataka,India,12
Bajaj Finserv,Senior Data Engineer(JR00105590),5,Entry level,10001+,914083,Financial Services,Full-time,Pune,Maharashtra,India,12
State Street,Fund Accounting & Administration - Associate 2,3,Entry level,10001+,467954,Financial Services,Full-time,Bengaluru,Karnataka,India,12
LTIMindtree,LTIMindtree Hiring SAP Project Manager- PAN India,0,Mid-Senior level,10001+,200347,IT Services and IT Consulting,Full-time,Gurgaon,Haryana,India,12
HP,Senior Data Scientist,24,Mid-Senior level,10001+,5168340,IT Services and IT Consulting,Full-time,Bengaluru,Karnataka,India,12
Bajaj Finserv,Deputy Area Manager - Debt Management Services - SME(JR00105544),3,Entry level,10001+,914083,Financial Services,Full-time,Vellore,Tamil Nadu,India,12
Bajaj Finserv,Executive - Debt Management Services - Rural(JR00105571),2,Entry level,10001+,914083,Financial Services,Full-time,Pataudi,Haryana,India,12
Bajaj Finserv,Assistant Manager - Debt Management Services - Cards(JR00105616),1,Entry level,10001+,914083,Financial Services,Full-time,Panipat,Haryana,India,12
Citi,Specialized Analytics Intermediate Analyst - CCAR - CECL - Unsecured Production and Monitoring,0,Entry level,10001+,3969089,Financial Services,Full-time,Bengaluru,Karnataka,India,12
Bajaj Finserv,Manager - Administration(JR00105521),55,Entry level,10001+,914083,Financial Services,Full-time,Ranaghat-I,West Bengal,India,12
Bajaj Finserv,Unit Manager - Human Resources/Senior Unit Manager - Human Resources(JR00105611),13,Entry level,10001+,914083,Financial Services,Full-time,Pune,Maharashtra,India,12
HP,Senior Cloud Data Engineer,5,Mid-Senior level,10001+,5168340,IT Services and IT Consulting,Full-time,Bengaluru,Karnataka,India,12
Nestlé,Team Leader Operations Chilled Dairy Sheikhupura Factory,44,Entry level,10001+,14247989,Food and Beverage Services,Full-time,Jagraon,Punjab,India,12
State Street,Financial Reporting - Manager,18,Entry level,10001+,467954,Financial Services,Full-time,Bengaluru,Karnataka,India,12
Bajaj Finserv,Senior Data Engineer(JR00105588),12,Entry level,10001+,914083,Financial Services,Full-time,Pune,Maharashtra,India,12
Bajaj Finserv,Area Manager - CD - SBU/Senior Area Manager - CD - SBU(JR00105530),7,Entry level,10001+,914083,Financial Services,Full-time,Mumbai,Maharashtra,India,12
State Street,Manager – Strategic Communications,18,Entry level,10001+,467954,Financial Services,Full-time,Bengaluru,Karnataka,India,12
ZF Group,Functional Safety Specialist,26,Mid-Senior level,10001+,915680,Motor Vehicle Manufacturing,Full-time,Chennai,Tamil Nadu,India,12
Barclays,Workday Report Developer,4,Mid-Senior level,10001+,1336879,Financial Services,Full-time,Chennai,Tamil Nadu,India,12
PepsiCo,SC Agro Assoc Analyst,25,Entry level,10001+,7012501,Food and Beverage Services,Full-time,Kolkata,West Bengal,India,12
Bajaj Finserv,Assistant Manager - BFS Direct(JR00105602),35,Entry level,10001+,914083,Financial Services,Full-time,Delhi,Delhi,India,12
Bajaj Finserv,Area Manager - Debt Management Services - Consumer/Senior Area Manager - Debt Management Services - Consumer(JR00105624),5,Entry level,10001+,914083,Financial Services,Full-time,Hyderabad,Telangana,India,12
The Weir Group PLC,Engineering Contractor,8,Entry level,10001+,47524,Industrial Machinery Manufacturing,Full-time,Bengaluru,Karnataka,India,12
LTIMindtree,Mainframe Developer- PAN India,12,Mid-Senior level,10001+,200347,IT Services and IT Consulting,Full-time,Bengaluru,Karnataka,India,12
State Street,Business Risk Management - Team Leader,5,Entry level,10001+,467954,Financial Services,Full-time,Bengaluru,Karnataka,India,12
Citi,Payment & Receivables Officer,54,Entry level,10001+,3969089,Financial Services,Full-time,Kolkata,West Bengal,India,12
NCR Corporation,IT Analyst - CATM Helpdesk,8,Entry level,10001+,440749,IT Services and IT Consulting,Full-time,Mumbai,Maharashtra,India,12
Bajaj Finserv,Regional Manager - Debt Management Services - Rural/Senior Regional Manager - Debt Management Services - Rural(JR00105598),5,Entry level,10001+,914083,Financial Services,Full-time,Kangra,Himachal Pradesh,India,12
Barclays,Analyst - Treasury Finance,13,Associate,10001+,1336879,Financial Services,Full-time,Chennai,Tamil Nadu,India,12
Citi,Service Supervisor,6,Entry level,10001+,3969089,Financial Services,Full-time,Chennai,Tamil Nadu,India,12
State Street,200 - Core Operations - Associate 2,8,Entry level,10001+,467954,Financial Services,Full-time,Bengaluru,Karnataka,India,12
OpenText,Sr. Software Engineer - SFDC,21,Mid-Senior level,10001+,270900,Software Development,Full-time,Hyderabad,Telangana,India,12
JLL,Operation Manager,60,Mid-Senior level,10001+,1627082,Real Estate,Full-time,Ahmedabad,Gujarat,India,12
LTIMindtree,Mainframe Developer- PAN India,21,Mid-Senior level,10001+,200347,IT Services and IT Consulting,Full-time,Bengaluru,Karnataka,India,12
Bajaj Finserv,Assistant Manager - SALPL - Growth(JR00105543),2,Entry level,10001+,914083,Financial Services,Full-time,Jodhpur,Rajasthan,India,12
NTT,Database Administrator,16,Entry level,10001+,128755,IT Services and IT Consulting,Full-time,Mumbai,Maharashtra,India,12
HYATT Hotels,Spa Therapist,12,Entry level,10001+,18133,Hospitality,Full-time,Hyderabad,Telangana,India,12
Mahindra Group,Deputy Manager Mobility Solutions,1,Mid-Senior level,10001+,1128477,Executive Offices,Full-time,Bengaluru,Karnataka,India,12
Tata Consultancy Services,SNAP LOGIC,26,Mid-Senior level,10001+,11800582,IT Services and IT Consulting,Full-time,Bengaluru,Karnataka,India,12
Barclays,Vice President ALM Reporting,10,Mid-Senior level,10001+,1336879,Financial Services,Full-time,Chennai,Tamil Nadu,India,12
Citi,Ops Sup Analyst - C09,1,Entry level,10001+,3969089,Financial Services,Full-time,Chennai,Tamil Nadu,India,12
Citi,Ops Sup Analyst - C09,0,Entry level,10001+,3969089,Financial Services,Full-time,Chennai,Tamil Nadu,India,12
Citi,Ops Sup Analyst - C09,1,Entry level,10001+,3969089,Financial Services,Full-time,Chennai,Tamil Nadu,India,12
Citi,Ops Sup Analyst - C09,3,Entry level,10001+,3969089,Financial Services,Full-time,Chennai,Tamil Nadu,India,12
Citi,Ops Sup Analyst - C09,0,Entry level,10001+,3969089,Financial Services,Full-time,Chennai,Tamil Nadu,India,12
Citi,Ops Sup Analyst - C09,0,Entry level,10001+,3969089,Financial Services,Full-time,Chennai,Tamil Nadu,India,12
Citi,Ops Sup Analyst - C09,0,Entry level,10001+,3969089,Financial Services,Full-time,Chennai,Tamil Nadu,India,12
Citi,Ops Sup Analyst - C09,1,Entry level,10001+,3969089,Financial Services,Full-time,Chennai,Tamil Nadu,India,12
Citi,Ops Sup Analyst - C09,0,Entry level,10001+,3969089,Financial Services,Full-time,Chennai,Tamil Nadu,India,12
Citi,Ops Sup Analyst - C09,0,Entry level,10001+,3969089,Financial Services,Full-time,Chennai,Tamil Nadu,India,12
Citi,Product Management Analyst,6,Entry level,10001+,3969089,Financial Services,Full-time,Mumbai,Maharashtra,India,12
JLL,Assistant Property Manager,9,Mid-Senior level,10001+,1627082,Real Estate,Full-time,Mumbai,Maharashtra,India,12
Ford Motor Company,Client Prod – Software Analyst,6,Entry level,10001+,3767767,Motor Vehicle Manufacturing,Full-time,Chennai,Tamil Nadu,India,12
State Street,Fund Accounting & Administration - Associate 2,3,Entry level,10001+,467954,Financial Services,Full-time,Bengaluru,Karnataka,India,12
HSBC,Lead Business Analyst,32,Entry level,10001+,3193445,Financial Services,Full-time,Pune,Maharashtra,India,12
State Street,2022-RECONCILIATION TESTER-BEN,0,Entry level,10001+,467954,Financial Services,Full-time,Bengaluru,Karnataka,India,12
State Street,Financial Reporting - Emerging Lead,0,Entry level,10001+,467954,Financial Services,Full-time,Bengaluru,Karnataka,India,12
State Street,Workforce Planning & Insights - Associate 2,7,Entry level,10001+,467954,Financial Services,Full-time,Bengaluru,Karnataka,India,12
State Street,Operations Client Service Associate 2,1,Entry level,10001+,467954,Financial Services,Full-time,Bengaluru,Karnataka,India,12
Bajaj Finserv,Manager - Insurance Services(JR00105623),5,Entry level,10001+,914083,Financial Services,Full-time,Hyderabad,Telangana,India,12
Bajaj Finserv,Assistant Manager - Insurance Services(JR00105610),9,Entry level,10001+,914083,Financial Services,Full-time,Pune,Maharashtra,India,12
Bajaj Finserv,Cluster Manager - Debt Management Services - Consumer/Senior Cluster Manager - Debt Management Services - Consumer(JR00105529),6,Entry level,10001+,914083,Financial Services,Full-time,Delhi,Delhi,India,12
Bajaj Finserv,Cluster Manager - SME COE/Senior Cluster Manager - SME COE(JR00105613),6,Entry level,10001+,914083,Financial Services,Full-time,Pune,Maharashtra,India,12
Wells Fargo,Senior Control Management Specialist,0,Mid-Senior level,10001+,2087385,Financial Services,Full-time,Bengaluru,Karnataka,India,12
LTIMindtree,Mainframe Developer- PAN India,9,Mid-Senior level,10001+,200347,IT Services and IT Consulting,Full-time,Mumbai,Maharashtra,India,12
Bajaj Finserv,Zonal Manager - Debt Management Services - Rural(JR00105595),7,N/A,10001+,914083,Financial Services,Full-time,Pune,Maharashtra,India,12
Bajaj Finserv,Manager - Human Resources(JR00105548),51,Entry level,10001+,914083,Financial Services,Full-time,Pune,Maharashtra,India,12
DB Schenker,Ocean Freight Sales - North,3,Entry level,10001+,692807,Truck Transportation,Full-time,Ludhiana,Punjab,India,12
HSBC,Business Analyst,0,N/A,10001+,3193445,Financial Services,Full-time,Pune,Maharashtra,India,12
HSBC,Associate Vice President - Payment Operations,101,N/A,10001+,3193445,Financial Services,Full-time,Mumbai,Maharashtra,India,12
HSBC,Consultant Specialist/Enterprise Technology,0,N/A,10001+,3193445,Financial Services,Full-time,Hyderabad,Telangana,India,12
Barclays,Process Advisor,9,Associate,10001+,1336879,Financial Services,Full-time,Chennai,Tamil Nadu,India,12
Ford Motor Company,Associate,35,Entry level,10001+,3767767,Motor Vehicle Manufacturing,Full-time,Chennai,Tamil Nadu,India,12
ZF Group,Software Architect,6,Mid-Senior level,10001+,915680,Motor Vehicle Manufacturing,Full-time,Chennai,Tamil Nadu,India,12
DBS Bank,personal banker,8,N/A,10001+,802246,Banking,Full-time,Bengaluru South,Karnataka,India,12
State Street,Financial Reporting (AIS) -Team Lead,1,N/A,10001+,467954,Financial Services,Full-time,Bengaluru,Karnataka,India,12
Bajaj Finserv,Manager - Human Resources(JR00105549),58,N/A,10001+,914083,Financial Services,Full-time,Pune,Maharashtra,India,12
Target,Director Guest Service Center,31,Director,10001+,1641065,Retail,Full-time,Bengaluru,Karnataka,India,12
Ecolab,Senior UX designer,1,Associate,10001+,468749,Chemical Manufacturing,Full-time,Bengaluru,Karnataka,India,12
Barclays,Daily Entity Leverage Reporting Analyst,2,Associate,10001+,1336879,Financial Services,Full-time,Chennai,Tamil Nadu,India,12
Wells Fargo,Analytic Consultant 3,0,Associate,10001+,2087385,Financial Services,Full-time,Hyderabad,Telangana,India,12
DBS Bank,"Associate, Data Engineer, Institutional Banking Group Technology Future Ready",0,Mid-Senior level,10001+,802246,Banking,Full-time,Hyderabad,Telangana,India,12
Bajaj Finserv,Assistant Manager - Fixed Deposits(JR00098125),0,N/A,10001+,914083,Financial Services,Full-time,Sambalpur,Odisha,India,12
Citi,Junior Business Analyst,175,N/A,10001+,3969089,Financial Services,Full-time,Gurgaon,Haryana,India,12
Bajaj Finserv,Cluster Manager - Business Loans/Senior Cluster Manager - Business Loans(JR00105565),7,N/A,10001+,914083,Financial Services,Full-time,Pune,Maharashtra,India,12
Bajaj Finserv,Deputy Area Manager - Debt Management Services - Rural(JR00105606),13,N/A,10001+,914083,Financial Services,Full-time,Satna,Madhya Pradesh,India,12
LTIMindtree,Hiring for SAP SD CS,1,Mid-Senior level,10001+,200347,IT Services and IT Consulting,Full-time,Bengaluru,Karnataka,India,12
State Street,"Regulatory Reporting Assurance , Manager",1,N/A,10001+,467954,Financial Services,Full-time,Hyderabad,Telangana,India,12
Tech Data APAC,Business Development Manager,6,Mid-Senior level,10001+,6635,IT Services and IT Consulting,Full-time,Ahmedabad,Gujarat,India,12
HP,DevOps Engineer,0,Mid-Senior level,10001+,5168340,IT Services and IT Consulting,Full-time,Bengaluru,Karnataka,India,12
Standard Chartered Bank,Priority Relationship Manager,70,Mid-Senior level,10001+,1829584,Banking,Full-time,Kolkata,West Bengal,India,12
TÜV Rheinland Europe,"Sales - Product Testing & Certification (Electrical,Electronics)",5,Director,10001+,44115,Environmental Services,Full-time,Chennai,Tamil Nadu,India,12
NCR Corporation,Service Planner,4,Mid-Senior level,10001+,440749,IT Services and IT Consulting,Full-time,Mumbai,Maharashtra,India,12
PwC Acceleration Centers,App & Emerging Tech - Appian- Senior Associate - Bangalore,10,N/A,10001+,273396,Professional Services,Full-time,Bengaluru,Karnataka,India,12
Wells Fargo,Senior Process Engineer,0,Mid-Senior level,10001+,2087385,Financial Services,Full-time,Bengaluru,Karnataka,India,12
Citi,Business Analytics Analyst,29,N/A,10001+,3969089,Financial Services,Full-time,Pune,Maharashtra,India,12
Gartner,Specialist- Quantitative Research (Statistical Techniques) & Data Analysis,20,Mid-Senior level,10001+,1496350,Information Services,Full-time,Gurgaon,Haryana,India,12
Barclays,Process Advisor,12,Associate,10001+,1336879,Financial Services,Full-time,Pune,Maharashtra,India,12
Weatherford,SR SW QA ANALYST I,72,Mid-Senior level,10001+,1174231,Oil and Gas,Full-time,Mumbai,Maharashtra,India,12
Wells Fargo,Associate Loan Servicing Representative,6,Associate,10001+,2087385,Financial Services,Full-time,Bengaluru,Karnataka,India,12
Barclays,Process Advisor,8,Associate,10001+,1336879,Financial Services,Full-time,Pune,Maharashtra,India,12
Bajaj Finserv,Unit Manager - Credit Operations/Senior Unit Manager - Credit Operations(JR00105620),2,N/A,10001+,914083,Financial Services,Full-time,Pune,Maharashtra,India,12
Bajaj Finserv,Regional Manager - Debt Management Services - Rural/Senior Regional Manager - Debt Management Services - Rural(JR00105600),9,N/A,10001+,914083,Financial Services,Full-time,Narsinghpur,Madhya Pradesh,India,12
EXL,Manager,4,Mid-Senior level,10001+,500291,IT Services and IT Consulting,Temporary,Noida,Uttar Pradesh,India,12
Bajaj Finserv,Deputy Area Manager - Debt Management Services - Consumer(JR00105621),3,N/A,10001+,914083,Financial Services,Full-time,Kasganj,Uttar Pradesh,India,12
Bajaj Finserv,Zonal Manager - Debt Management Services - Rural(JR00105596),16,N/A,10001+,914083,Financial Services,Full-time,Jaipur,Rajasthan,India,12
HP,Senior Data Scientist,7,Mid-Senior level,10001+,5168340,IT Services and IT Consulting,Full-time,Chennai,Tamil Nadu,India,12
NTT DATA Services,SAP MM Functional Consultant (f/m/d) S/4 HANA Data Migration,2,Mid-Senior level,10001+,476060,IT Services and IT Consulting,Full-time,Bangalore Urban,Karnataka,India,12
Accenture in India,Servicenow Tools Administration Security Architect,7,Mid-Senior level,10001+,1558780,IT Services and IT Consulting,Full-time,Bengaluru,Karnataka,India,12
EY,Manager - Assurance - CHS - Audit Services - Mumbai,3,Mid-Senior level,10001+,7139182,Professional Services,Full-time,Mumbai,Maharashtra,India,12
Shine.com,AVP - Model Execution - Investment Bank,0,Mid-Senior level,1001-5000,24015,"Technology, Information and Internet",Full-time,Chennai,Tamil Nadu,India,25
Rashmi Metaliks Limited,General Manager - International Sales and Marketing,1,Executive,1001-5000,8638,Wholesale Building Materials,Full-time,Lucknow,Uttar Pradesh,India,25
Trigent Software Inc,DevOps Engineer,3,Entry level,1001-5000,41125,IT Services and IT Consulting,Full-time,Bengaluru,Karnataka,India,25
Sify Technologies Limited.,Helpdesk Engineer-TIS,0,Entry level,1001-5000,53740,IT Services and IT Consulting,Full-time,Mumbai,Maharashtra,India,25
Uplers,Sr. Analyst Digital Marketing,19,Mid-Senior level,1001-5000,755673,IT Services and IT Consulting,Full-time,Hyderabad,Telangana,India,25
Uplers,QA - Automation,26,Associate,1001-5000,755673,IT Services and IT Consulting,Full-time,Jaipur,Rajasthan,India,25
Uplers,QA - Automation,76,Associate,1001-5000,755673,IT Services and IT Consulting,Full-time,Mumbai,Maharashtra,India,25
Shine.com,Business Analyst - Reporting - Asset Management Firm (6-11 yrs),0,Mid-Senior level,1001-5000,24015,"Technology, Information and Internet",Full-time,Pune,Maharashtra,India,25
Coforge Solutions,Business Analyst - Product Control,0,Mid-Senior level,1001-5000,28907,IT Services and IT Consulting,Full-time,Pune,Maharashtra,India,25
SGS Consulting,US Recruiter,1,Entry level,1001-5000,110627,Staffing and Recruiting,Full-time,Raipur,Chhattisgarh,India,25
SGS Consulting,US Recruiter,1,Entry level,1001-5000,110627,Staffing and Recruiting,Full-time,Raipur,Chhattisgarh,India,25
Indian Institute of Science (IISc),Molecular Biology Internship in Bangalore at Indian Institute Of Science,19,Internship,1001-5000,305431,Research,Full-time,Bengaluru,Karnataka,India,25
IDP India,Senior Reporting Analyst,0,Mid-Senior level,1001-5000,25430,Education Administration Programs,Full-time,Chennai,Tamil Nadu,India,25
Luxoft India,Support Engineer - Internet and Mobile Banking,1,Mid-Senior level,1001-5000,8752,Information Technology & Services,Full-time,Chennai,Tamil Nadu,India,25
Videojet Technologies,Service Desk co-ordinator,4,Entry level,1001-5000,53770,Printing Services,Full-time,Mumbai,Maharashtra,India,25
ORIX India,Human Resources (HR) Internship in Delhi at ORIX India,2,Internship,1001-5000,5183,Financial Services,Full-time,Delhi,Delhi,India,25
Cactus Communications,Editorial Reviewer - Nanobiotechnology,29,Entry level,1001-5000,524501,"Technology, Information and Internet",Contract,Pune,Maharashtra,India,25
Cactus Communications,Editorial Reviewer - Clinical Psychiatry,28,Entry level,1001-5000,524501,"Technology, Information and Internet",Contract,Panaji,Goa,India,25
Swiggy,Assistant Manager - Finance (Taxation),116,Mid-Senior level,1001-5000,1266658,Software Development,Full-time,Bengaluru,Karnataka,India,25
Luxoft India,Support Engineer - Cards and Payments,1,Mid-Senior level,1001-5000,8752,Information Technology & Services,Full-time,Chennai,Tamil Nadu,India,25
Swiggy,Senior Executive - Finance,103,Mid-Senior level,1001-5000,1266658,Software Development,Full-time,Bengaluru,Karnataka,India,25
IndiaMART InterMESH Limited,Relationship Manager,1,Entry level,1001-5000,177815,"Technology, Information and Internet",Full-time,Chennai,Tamil Nadu,India,25
Travelopia,Tech Help Engineer,137,Associate,1001-5000,30255,Travel Arrangements,Full-time,Bengaluru,Karnataka,India,25
Nykaa,Data Analytics Internship in Bangalore at Nykaa,78,Internship,1001-5000,396136,Internet Publishing,Full-time,Bengaluru,Karnataka,India,25
IDP India,Destination Manager,0,Mid-Senior level,1001-5000,25430,Education Administration Programs,Full-time,Hyderabad,Telangana,India,25
Coforge Solutions,Business Analyst - Regulatory Reporting,0,Mid-Senior level,1001-5000,28907,IT Services and IT Consulting,Full-time,Pune,Maharashtra,India,25
SGS Consulting,US Recruiter(Night Shift),1,Entry level,1001-5000,110627,Staffing and Recruiting,Full-time,Raipur,Chhattisgarh,India,25
Swiggy,Sales Manager I,108,Mid-Senior level,1001-5000,1266658,Software Development,Full-time,Coimbatore,Tamil Nadu,India,25
Luxoft India,Senior Java Developer,6,Mid-Senior level,1001-5000,8752,Information Technology & Services,Full-time,Bengaluru,Karnataka,India,25
IDP India,Data quality and Reporting analyst,0,Mid-Senior level,1001-5000,25430,Education Administration Programs,Full-time,Chennai,Tamil Nadu,India,25
Sheraton Hotels & Resorts,GSA - Front Office,2,Entry level,1001-5000,462997,Hospitality,Full-time,Bengaluru,Karnataka,India,25
Uplers,QA Automation Tester - WFH,0,Associate,1001-5000,755673,IT Services and IT Consulting,Full-time,Chennai,Tamil Nadu,India,25
Sheraton Hotels & Resorts,Hostess,0,Mid-Senior level,1001-5000,462997,Hospitality,Full-time,Bengaluru,Karnataka,India,25
Luxoft India,Support Engineer - Internet and Mobile Banking,2,Mid-Senior level,1001-5000,8752,Information Technology & Services,Full-time,Bengaluru,Karnataka,India,25
Luxoft India,QA Automation Engineer - TOSCA,18,Entry level,1001-5000,8752,Information Technology & Services,Full-time,Pune,Maharashtra,India,25
Sheraton Hotels & Resorts,F & B Executive,1,Executive,1001-5000,462997,Hospitality,Full-time,Bengaluru,Karnataka,India,25
Uplers,QA Automation Tester - WFH,0,Associate,1001-5000,755673,IT Services and IT Consulting,Full-time,Bengaluru,Karnataka,India,25
Luxoft India,Support Engineer - Cards and Payments,7,Mid-Senior level,1001-5000,8752,Information Technology & Services,Full-time,Bengaluru,Karnataka,India,25
Luxoft India,Senior Java Developer with junior Big Data,4,Mid-Senior level,1001-5000,8752,Information Technology & Services,Full-time,Pune,Maharashtra,India,25
GE Digital,Financial Analyst,176,Entry level,1001-5000,258754,Software Development,Full-time,Bengaluru,Karnataka,India,25
Swiggy,Assistant Manager - Finance,63,Mid-Senior level,1001-5000,1266658,Software Development,Full-time,Bengaluru,Karnataka,India,25
Addison Group,Medical Claims Tech,4,Entry level,1001-5000,500405,Staffing and Recruiting,Entry level,Jabalpur,Madhya Pradesh,India,25
Luxoft India,Guardicore / Network Security / CSO CTO,1,Mid-Senior level,1001-5000,8752,Information Technology & Services,Full-time,Bengaluru,Karnataka,India,25
IndiaMART InterMESH Limited,Executive Sales Representative,1,Entry level,1001-5000,177815,"Technology, Information and Internet",Full-time,Bengaluru,Karnataka,India,25
Uplers,SFMC - Team Lead,17,Mid-Senior level,1001-5000,755673,IT Services and IT Consulting,Full-time,Kolkata,West Bengal,India,25
Luxoft India,Axiom Developer,0,Mid-Senior level,1001-5000,8752,Information Technology & Services,Full-time,Pune,Maharashtra,India,25
Luxoft India,Axiom Developer,0,Mid-Senior level,1001-5000,8752,Information Technology & Services,Full-time,Mumbai,Maharashtra,India,25
Luxoft India,Project Manager - Axiom,6,Mid-Senior level,1001-5000,8752,Information Technology & Services,Full-time,Mumbai,Maharashtra,India,25
Mindlance,Trainee US IT Recruiter,4,Entry level,1001-5000,209222,Staffing and Recruiting,Full-time,Bengaluru,Karnataka,India,25
Luxoft India,QA Automation Engineer - TOSCA,28,Entry level,1001-5000,8752,Information Technology & Services,Full-time,Bengaluru,Karnataka,India,25
Uplers,Remote Android Developer,59,Mid-Senior level,1001-5000,755673,IT Services and IT Consulting,Full-time,Bengaluru,Karnataka,India,25
Marken,Billing Associate,51,Entry level,1001-5000,55434,"Transportation, Logistics, Supply Chain and Storage",Full-time,Mumbai,Maharashtra,India,25
Luxoft India,QA Automation Engineer - TOSCA,25,Entry level,1001-5000,8752,Information Technology & Services,Full-time,Chennai,Tamil Nadu,India,25
Luxoft India,Support Engineer - Internet and Mobile Banking,3,Mid-Senior level,1001-5000,8752,Information Technology & Services,Full-time,Pune,Maharashtra,India,25
Luxoft India,WebMethods Support Engineer,10,Mid-Senior level,1001-5000,8752,Information Technology & Services,Full-time,Bengaluru,Karnataka,India,25
Luxoft India,Support Engineer - Cards and Payments,10,Mid-Senior level,1001-5000,8752,Information Technology & Services,Full-time,Pune,Maharashtra,India,25
Swiggy,Assistant Manager - Finance,194,Mid-Senior level,1001-5000,1266658,Software Development,Full-time,Bengaluru,Karnataka,India,25
Luxoft India,Axiom Developer,0,Mid-Senior level,1001-5000,8752,Information Technology & Services,Full-time,Bengaluru,Karnataka,India,25
ACURA SOLUTIONS LTD,Hiring for Consultant (Primary Market Research) in All India,0,Mid-Senior level,1-10,11169,Real Estate,Full-time,Gurgaon,Haryana,India,1
ACURA SOLUTIONS LTD,Home Loan Sales Manager,0,Entry level,1-10,11169,Real Estate,Full-time,Bengaluru,Karnataka,India,1
ACURA SOLUTIONS LTD,Hiring for Consultant (Primary Market Research) in All India,1,Mid-Senior level,1-10,11169,Real Estate,Full-time,Mumbai,Maharashtra,India,1
"QUEST Engineering, LLC",Field System Engineer,0,Entry level,1-10,4893,Industrial Machinery Manufacturing,Full-time,Bengaluru,Karnataka,India,1
H R Cornucopia Pvt Ltd,Head - Shipping and Logistics - Textile,2,Director,1-10,1701,Human Resources Services,Full-time,Bengaluru,Karnataka,India,1
Enzo League™,Fashion Styling Internship in Bangalore at Enzo League,0,Internship,1-10,678,Retail Apparel and Fashion,Full-time,Bengaluru,Karnataka,India,1
Disha Consultant,Job openings for hiring dot net core developers in,0,Entry level,1-10,1337,Human Resources Services,Full-time,Bengaluru,Karnataka,India,1
"QUEST Engineering, LLC",Controls Engineer,0,Entry level,1-10,4893,Industrial Machinery Manufacturing,Full-time,Bengaluru,Karnataka,India,1
"QUEST Engineering, LLC",Aero Accessories Engineering - Development Support,0,Entry level,1-10,4893,Industrial Machinery Manufacturing,Full-time,Bengaluru,Karnataka,India,1
PPS Professional Personnel Services,Head - Sales - EdTech Startup,1,Director,1-10,1002,Staffing and Recruiting,Full-time,Bengaluru,Karnataka,India,1
Four Points by Sheraton,Engineering Executive,3,Executive,1-10,46079,Hospitality,Full-time,Chennai,Tamil Nadu,India,1
ACURA SOLUTIONS LTD,UI/UX developer,0,Entry level,1-10,11169,Real Estate,Full-time,Coimbatore,Tamil Nadu,India,1
"QUEST Engineering, LLC",FullStack Developer - Cloud,0,Entry level,1-10,4893,Industrial Machinery Manufacturing,Full-time,Bengaluru,Karnataka,India,1
The Bombay Digital Company,E-commerce Intern,9,Internship,1-10,1126,Advertising Services,Internship,Mumbai,Maharashtra,India,1
Lineup,Manager - Demand Generation - BFSI,0,Mid-Senior level,1-10,323,"Technology, Information and Internet",Full-time,Mumbai,Maharashtra,India,1
Mpower HR,Financial Planner and Analyst Specialist - BPO/ITeS,0,Mid-Senior level,1-10,978,Human Resources Services,Full-time,Bengaluru,Karnataka,India,1
"QUEST Engineering, LLC",Auxiliary Design/ Packaging - Steam Turbine & Centrifugal Compressor,0,Entry level,1-10,4893,Industrial Machinery Manufacturing,Temporary,Bengaluru,Karnataka,India,1
Healthy Treat,Graphic Design Internship in Jaipur at Healthy Treat,0,Internship,1-10,324,Food and Beverage Services,Full-time,Jaipur,Rajasthan,India,1
The Upside Story,Photography & Styling part time job/internship at Jaipur in The Upside Story,2,Internship,1-10,54,Advertising Services,Part-time,Jaipur,Rajasthan,India,1
StelleHire,Chief Marketing Officer - eCommerce,0,Executive,1-10,1326,Staffing and Recruiting,Full-time,Bengaluru,Karnataka,India,1
"QUEST Engineering, LLC",Material Service Co Ordinator,0,Entry level,1-10,4893,Industrial Machinery Manufacturing,Full-time,Bengaluru,Karnataka,India,1
LEAD India,Data Analysis Internship in Bangalore at Lead India,3,Internship,1-10,810,Non-profit Organizations,Full-time,Bengaluru,Karnataka,India,1
"QUEST Engineering, LLC",Embedded Firmware Engineer - C/C,0,Entry level,1-10,4893,Industrial Machinery Manufacturing,Full-time,Thiruvananthapuram,Kerala,India,1
"QUEST Engineering, LLC",Maintenance Planner,0,Mid-Senior level,1-10,4893,Industrial Machinery Manufacturing,Full-time,Bengaluru,Karnataka,India,1
ACURA SOLUTIONS LTD,Branch Sales Manager- Mortgage,0,Mid-Senior level,1-10,11169,Real Estate,Full-time,Pune,Maharashtra,India,1
Supl.ai Analytics,Business Development (Sales) part time job/internship at Bangalore in Supl.ai,0,Internship,1-10,2134,Research,Part-time,Bengaluru,Karnataka,India,1
"QUEST Engineering, LLC",Maintenance Planner,0,Mid-Senior level,1-10,4893,Industrial Machinery Manufacturing,Full-time,Bengaluru,Karnataka,India,1
TechnoScripts,Digital Marketing Internship in Pune at TechnoScripts,1,Internship,1-10,86,Software Development,Full-time,Pune,Maharashtra,India,1
Ahaan Consulting,HR Business Partner - IT,0,Mid-Senior level,1-10,943,Professional Training and Coaching,Full-time,Mumbai,Maharashtra,India,1
PCC Associates,Manager/Senior Manager - Marketing,0,Mid-Senior level,1-10,3070,Business Consulting and Services,Full-time,Mumbai,Maharashtra,India,1
TravStack,Graphic Design Internship in Bangalore at TravStack,2,Internship,1-10,301,"Technology, Information and Internet",Full-time,Bengaluru,Karnataka,India,1
RC Project Consultancy (RCPC),BD Manager,1,Mid-Senior level,1-10,6363,Civil Engineering,Full-time,Mumbai,Maharashtra,India,1
"QUEST Engineering, LLC",Domain Tester (Substation Automation),0,Mid-Senior level,1-10,4893,Industrial Machinery Manufacturing,Full-time,Bengaluru,Karnataka,India,1
Lakshmi North East Solution,Job openings for account manager in guwahati,1,Entry level,1-10,597,Human Resources Services,Full-time,Guwahati,Assam,India,1
Connexdoor,Analyst/Associate - Marketing - BFSI,0,Mid-Senior level,1-10,4524,"Technology, Information and Internet",Full-time,Mumbai,Maharashtra,India,1
Trendy Traders,Viral Marketing Internship in Bangalore at Trendy Traders,0,Internship,1-10,726,Capital Markets,Full-time,Bengaluru,Karnataka,India,1
Wapel Software India,HR Executive and IT Recruiter,2,Mid-Senior level,1-10,131,IT Services and IT Consulting,Full-time,Bengaluru,Karnataka,India,1
Synapse Search Partners,Manager - Product Marketing,0,Entry level,1-10,11138,Staffing and Recruiting,Full-time,Chennai,Tamil Nadu,India,1
ACURA SOLUTIONS LTD,Sales Manager-Housing Finance,0,Entry level,1-10,11169,Real Estate,Full-time,Mumbai,Maharashtra,India,1
Immipoint Visa Group of Services,Business Development (Sales) part time job/internship at Bangalore in Immipoint Visa Consultants,0,Internship,1-10,532,Legal Services,Part-time,Bengaluru,Karnataka,India,1
"QUEST Engineering, LLC",Power System Engineer,0,Entry level,1-10,4893,Industrial Machinery Manufacturing,Full-time,Bengaluru,Karnataka,India,1
"QUEST Engineering, LLC",Data Analyst - Cost Engineering,0,Entry level,1-10,4893,Industrial Machinery Manufacturing,Full-time,Bengaluru,Karnataka,India,1
TechnoScripts,Graphic Design part time job/internship at Pune in TechnoScripts,1,Internship,1-10,86,Software Development,Part-time,Pune,Maharashtra,India,1
"QUEST Engineering, LLC",Expert in Methods Engineering Consultant,0,Mid-Senior level,1-10,4893,Industrial Machinery Manufacturing,Full-time,Bengaluru,Karnataka,India,1
ACURA SOLUTIONS LTD,Quality Engineer,0,Entry level,1-10,11169,Real Estate,Full-time,Pune,Maharashtra,India,1
IQnext,Front End Development Internship in Bangalore at IQnext,7,Internship,11-50,3146,IT Services and IT Consulting,Full-time,Bengaluru,Karnataka,India,4
Cognetix India Private Limited,Trainee Software Developer,16,Internship,11-50,30,Telecommunications,Full-time,Mambalam,Tamil Nadu,India,4
PAGO Analytics,Hybrid Mobile application Developer,0,Entry level,11-50,5133,"Technology, Information and Internet",Full-time,Hyderabad,Telangana,India,4
Gig Consultants,Business Analyst/Product Owner - eCommerce,0,Mid-Senior level,11-50,2629,Human Resources Services,Full-time,Bengaluru,Karnataka,India,4
SP Solution,Urgent Opening For DATA Entry/WORK FROM HOME,0,Entry level,11-50,365,IT Services and IT Consulting,Full-time,Thane,Maharashtra,India,4
Business Employment,Email and chat process,2,Entry level,11-50,792,IT Services and IT Consulting,Full-time,Delhi,Delhi,India,4
Armour Corporate Services,Consultant/Senior Consultant - Credit Risk Quant (3-9 yrs),0,Mid-Senior level,11-50,1666,Staffing and Recruiting,Full-time,Mumbai,Maharashtra,India,4
Talent Zone Consultant,Utility Operator,1,Entry level,11-50,3220,Human Resources Services,Full-time,Bangalore,Karnataka,India,4
Spectral Consultants,Manager - Valuations - Financial Instruments/Derivatives,0,Mid-Senior level,11-50,22794,Executive Search Services,Full-time,Bengaluru,Karnataka,India,4
Adler Talent Solutions Pvt Ltd,Senior Manager - Payroll - Shared Services Centre,0,Mid-Senior level,11-50,8591,Human Resources Services,Full-time,Mumbai,Maharashtra,India,4
Ealoor Study Abroad (UK)Ltd.,UK Student Application Visa Compliance Consultant,0,Internship,11-50,757,Education Administration Programs,Temporary,Ernakulam,Kerala,India,4
"Global Soft Systems, Inc.",Processing Internship in Jaipur at Global Soft Systems,0,Internship,11-50,3876,IT Services and IT Consulting,Full-time,Jaipur,Rajasthan,India,4
Augusta Infotech,Solution Architect - Dynamics AX,0,Mid-Senior level,11-50,5576,IT Services and IT Consulting,Full-time,Bengaluru,Karnataka,India,4
Sundaram Technologies,Hr It Recruiter,2,Entry level,11-50,1171,Industrial Automation,Full-time,Vadodara,Gujarat,India,4
Augusta Infotech,Lead Technical Analyst,0,Mid-Senior level,11-50,5576,IT Services and IT Consulting,Full-time,Bengaluru,Karnataka,India,4
Whizjuniors,Teaching (Programming) part time job/internship at Mumbai in WhizJuniors,3,Internship,11-50,160,Education Administration Programs,Part-time,Mumbai,Maharashtra,India,4
Augusta Infotech,Manager - Web Application Support,0,Mid-Senior level,11-50,5576,IT Services and IT Consulting,Full-time,Gurgaon,Haryana,India,4
SR B2B Solutions,Account Assistant,0,Entry level,11-50,3526,Advertising Services,Full-time,Chennai,Tamil Nadu,India,4
Next Labs,Business Development (Sales) Internship in Mumbai at Next Labs,1,Internship,11-50,20036,"Technology, Information and Internet",Full-time,Mumbai,Maharashtra,India,4
OMG LABS,Operations Internship in Chennai at OMG Labs,0,Internship,11-50,211,Food and Beverage Manufacturing,Full-time,Chennai,Tamil Nadu,India,4
Augusta Infotech,Tableau Administrator,0,Mid-Senior level,11-50,5576,IT Services and IT Consulting,Full-time,Bengaluru,Karnataka,India,4
Gig Consultants,Research Insights Writer - IT Consulting Firm,0,Entry level,11-50,2629,Human Resources Services,Full-time,Bengaluru,Karnataka,India,4
Talent Zone Consultant,Job openings for executive assistant in delhi bangalore pune,1,Mid-Senior level,11-50,3220,Human Resources Services,Full-time,Bengaluru,Karnataka,India,4
Universal Consulting,Consultant - Life Sciences (5-7 yrs),0,Mid-Senior level,11-50,1406,IT Services and IT Consulting,Full-time,Bengaluru,Karnataka,India,4
Business Employment,Hiring For Data Entry Operator,16,Entry level,11-50,792,IT Services and IT Consulting,Full-time,Ghaziabad,Uttar Pradesh,India,4
Talent Zone Consultant,ui ux designer,2,Entry level,11-50,3220,Human Resources Services,Full-time,Bengaluru,Karnataka,India,4
Talent Zone Consultant,Placement Manager,0,Mid-Senior level,11-50,3220,Human Resources Services,Full-time,Mumbai,Maharashtra,India,4
Talent Zone Consultant,Data Entry Operator,1,Entry level,11-50,3220,Human Resources Services,Full-time,Bengaluru,Karnataka,India,4
Talent Zone Consultant,Content Writer,0,Entry level,11-50,3220,Human Resources Services,Full-time,Bengaluru,Karnataka,India,4
SR B2B Solutions,Accounting Manager,0,Mid-Senior level,11-50,3526,Advertising Services,Full-time,Bengaluru,Karnataka,India,4
Business Employment,Data Entry Operator For Freshers,24,Entry level,11-50,792,IT Services and IT Consulting,Full-time,Delhi,Delhi,India,4
EcomExperts,SEO Fresher Junior,3,Entry level,11-50,11029,Software Development,Full-time,Mumbai,Maharashtra,India,4
Talent Zone Consultant,Key account Managers work in office in bangalore,1,Mid-Senior level,11-50,3220,Human Resources Services,Full-time,Bengaluru,Karnataka,India,4
Adler Talent Solutions Pvt Ltd,Applicants apply for Vice President - Project Execution - Civil,0,Executive,11-50,8591,Human Resources Services,Full-time,Bengaluru,Karnataka,India,4
SR B2B Solutions,Accounting Manager,0,Mid-Senior level,11-50,3526,Advertising Services,Full-time,Belgaum,Karnataka,India,4
BuzzHire,Data Analyst - eCommerce (2-4 yrs),1,Mid-Senior level,11-50,2309,Human Resources Services,Full-time,Bengaluru,Karnataka,India,4
Talent Zone Consultant,Stakeholder Manager,0,Mid-Senior level,11-50,3220,Human Resources Services,Full-time,Bengaluru,Karnataka,India,4
SR B2B Solutions,Assistant Operations Manager,1,Mid-Senior level,11-50,3526,Advertising Services,Full-time,Hyderabad,Telangana,India,4
Business Employment,Data Entry Operator/Computer Operator,16,Entry level,11-50,792,IT Services and IT Consulting,Full-time,Delhi,Delhi,India,4
SR B2B Solutions,Branch Accountant,0,Entry level,11-50,3526,Advertising Services,Full-time,Chennai,Tamil Nadu,India,4
Talent Zone Consultant,Regional Sales Manager,0,Mid-Senior level,11-50,3220,Human Resources Services,Full-time,Bengaluru,Karnataka,India,4
Adler Talent Solutions Pvt Ltd,Manager - Business Analytics - Logistics/Manufacturing Sector,0,Mid-Senior level,11-50,8591,Human Resources Services,Full-time,Navi Mumbai,Maharashtra,India,4
MergerWare,Candidates required for Market Data Research Analyst,1,Mid-Senior level,11-50,25189,Software Development,Full-time,Bengaluru,Karnataka,India,4
SR B2B Solutions,Assistant Operations Manager,0,Mid-Senior level,11-50,3526,Advertising Services,Full-time,Mangaluru,Karnataka,India,4
Universal Consulting,Consultant - Life Sciences,1,Mid-Senior level,11-50,1406,IT Services and IT Consulting,Full-time,Nagpur,Maharashtra,India,4
Share India,Quantitative Trader (3-10 yrs),0,Mid-Senior level,11-50,944,Financial Services,Full-time,Delhi,Delhi,India,4
Share India,Quantitative Trader (3-10 yrs),0,Mid-Senior level,11-50,921,Financial Services,Full-time,Delhi,Delhi,India,4
Talent Zone Consultant,Job openings for liaison officer,0,Mid-Senior level,11-50,3220,Human Resources Services,Full-time,Bengaluru,Karnataka,India,4
BB Advisory,Finance part time job/internship at Bangalore in B B Advisory,1,Internship,11-50,7643,Financial Services,Part-time,Bengaluru,Karnataka,India,4
Talent Pursuits,Head - Finance - Processed Foods,0,Director,11-50,432,Human Resources Services,Full-time,Bengaluru,Karnataka,India,4
VAspire Management Consultants,Operations Analyst - Data Analytics - Auto/Online,0,Mid-Senior level,11-50,1475,Staffing and Recruiting,Full-time,Bengaluru,Karnataka,India,4
Talent Zone Consultant,MIS Analyst,1,Mid-Senior level,11-50,3220,Human Resources Services,Full-time,Bengaluru,Karnataka,India,4
SR B2B Solutions,Account Assistant,0,Entry level,11-50,3526,Advertising Services,Full-time,Thrissur,Kerala,India,4
SR B2B Solutions,Internal Auditor,0,Mid-Senior level,11-50,3526,Advertising Services,Full-time,Hubli,Karnataka,India,4
SR B2B Solutions,Internal Auditor,0,Mid-Senior level,11-50,3526,Advertising Services,Full-time,Chennai,Tamil Nadu,India,4
SR B2B Solutions,Internal Auditor,0,Mid-Senior level,11-50,3526,Advertising Services,Full-time,Hyderabad,Telangana,India,4
SR B2B Solutions,Internal Auditor,0,Mid-Senior level,11-50,3526,Advertising Services,Full-time,Vijayawada,Andhra Pradesh,India,4
TalentXO,Senior Operations Manager,32,Entry level,11-50,63058,"Technology, Information and Internet",Full-time,Bengaluru,Karnataka,India,4
SR B2B Solutions,Accountants Officer,1,Entry level,11-50,3526,Advertising Services,Full-time,Thrissur,Kerala,India,4
SR B2B Solutions,Internal Auditor,0,Mid-Senior level,11-50,3526,Advertising Services,Full-time,Salem,Tamil Nadu,India,4
Augusta Infotech,"Sales Associate - Insurance Application Software Sales, Actuarial - India",0,Entry level,11-50,5576,IT Services and IT Consulting,Full-time,Pune,Maharashtra,India,4
Business Employment,Data Entry Work,54,Entry level,11-50,792,IT Services and IT Consulting,Full-time,Delhi,Delhi,India,4
Talent Zone Consultant,Event Manager,1,Mid-Senior level,11-50,3220,Human Resources Services,Full-time,Mumbai,Maharashtra,India,4
SP Solution,Computer Operator/ Data Entry Typing / Work FROM Home,0,Entry level,11-50,365,IT Services and IT Consulting,Full-time,Bengaluru North,Karnataka,India,4
Augusta Infotech,Genomics / Biomedical + Java development,1,Entry level,11-50,5576,IT Services and IT Consulting,Full-time,Bengaluru,Karnataka,India,4
JOBDUNIA.COM,Hiring for HR Recruiter- Work from office,8,Entry level,11-50,4072,Staffing and Recruiting,Full-time,Ahmedabad,Gujarat,India,4
Mansys Consulting Services,accountant,0,Mid-Senior level,11-50,69,Computer and Network Security,Full-time,Bengaluru,Karnataka,India,4
Armour Corporate Services,Junior Economist - Wealth Management Business Group,1,Entry level,11-50,1666,Staffing and Recruiting,Full-time,Mumbai,Maharashtra,India,4
Tesla Power USA,Human Resources (HR) Internship in Gurgaon at Tesla Power USA,11,Internship,11-50,20031,Retail Office Equipment,Full-time,Gurgaon,Haryana,India,4
SR B2B Solutions,Accountant and Cashier,3,Mid-Senior level,11-50,3526,Advertising Services,Full-time,Bengaluru,Karnataka,India,4
SR B2B Solutions,Assistant Operations Manager,0,Mid-Senior level,11-50,3526,Advertising Services,Full-time,Hubli,Karnataka,India,4
SR B2B Solutions,Junior Accountant,2,Entry level,11-50,3526,Advertising Services,Full-time,Thrissur,Kerala,India,4
Gama India,Regional Sales Manager - SME Business,7,Mid-Senior level,11-50,40,Spectator Sports,Full-time,Jaipur,Rajasthan,India,4
SR B2B Solutions,Junior Accountant,1,Entry level,11-50,3526,Advertising Services,Full-time,Mangaluru,Karnataka,India,4
SR B2B Solutions,Junior Accountant,0,Entry level,11-50,3526,Advertising Services,Full-time,North Goa,Goa,India,4
SR B2B Solutions,Junior Accountant,1,Entry level,11-50,3526,Advertising Services,Full-time,Chennai,Tamil Nadu,India,4
SR B2B Solutions,Junior Accountant,1,Entry level,11-50,3526,Advertising Services,Full-time,Hyderabad,Telangana,India,4
BUSISOL SOURCING (INDIA) PRIVATE LIMITED,Content Writer-Mumbai,0,Entry level,11-50,5337,Business Consulting and Services,Full-time,Mumbai,Maharashtra,India,4
Talent Zone Consultant,SEO Expert,0,Entry level,11-50,3220,Human Resources Services,Full-time,Bengaluru,Karnataka,India,4
AIVIDTechVision,Technical Documentation Internship in Ahmedabad at AIVID TechVision,0,Internship,11-50,2316,Software Development,Full-time,Ahmedabad,Gujarat,India,4
Glorious Hr Services,Customer Specialist,26,Entry level,11-50,302,Staffing and Recruiting,Full-time,Bengaluru,Karnataka,India,4
Professional Utilities,Content Writer,1,Entry level,11-50,2273,Accounting,Full-time,Delhi,Delhi,India,4
Wizikey,Product Manager,2,Entry level,11-50,48731,Software Development,Full-time,Gurgaon,Haryana,India,4
BeGig,Social Media Marketing Internship in Gurgaon at BeGig,2,Internship,11-50,34555,"Technology, Information and Internet",Full-time,Gurgaon,Haryana,India,4
Magnus India Consulting Services,Marketing Lead - B2B,13,Director,11-50,36360,Staffing and Recruiting,Full-time,Gurugram,Haryana,India,4
RecruitNXT,Human Resources Intern,10,Entry level,11-50,36863,IT Services and IT Consulting,Internship,Dalhousie,Himachal Pradesh,India,4
GFL Recruitment Private Limited,Hiring for Digital Marketing,0,Entry level,11-50,3189,Staffing and Recruiting,Full-time,Ludhiana,Punjab,India,4
SR B2B Solutions,Accountants Officer,0,Entry level,11-50,3526,Advertising Services,Full-time,Belgaum,Karnataka,India,4
Techvegas LLP,Web Development Internship in Bangalore at Techvegas LLP,8,Internship,11-50,3,IT Services and IT Consulting,Full-time,Bengaluru,Karnataka,India,4
Unravel,Customer Success Engineer (India),0,Entry level,11-50,7354,Internet Publishing,Full-time,Mumbai,Maharashtra,India,4
Augusta Infotech,looking for C Engineers,0,Entry level,11-50,5576,IT Services and IT Consulting,Full-time,Bengaluru,Karnataka,India,4
Cognetix India Private Limited,Data Entry Operator,1,Entry level,11-50,30,Telecommunications,Full-time,Aminjikkarai,Tamil Nadu,India,4
ATELIER INSURANCE BROKING PVT. LTD.,Team Leader,0,Mid-Senior level,11-50,1284,Insurance,Full-time,Chandigarh,Chandigarh,India,4
Techvegas LLP,UI/UX Design Internship in Bangalore at Techvegas LLP,11,Internship,11-50,3,IT Services and IT Consulting,Full-time,Bengaluru,Karnataka,India,4
Adler Talent Solutions Pvt Ltd,Finance Controller - Retail/Real Estate,0,Director,11-50,8591,Human Resources Services,Full-time,Ahmedabad,Gujarat,India,4
Talentz.AI,Key Account Executive,66,Entry level,11-50,28489,IT Services and IT Consulting,Full-time,Indore,Madhya Pradesh,India,4
GFL Recruitment Private Limited,HR Labour Executive,0,Mid-Senior level,11-50,3189,Staffing and Recruiting,Full-time,Udaipur,Rajasthan,India,4
Qoulomb,Content Writer,1,Entry level,11-50,1121,Advertising Services,Full-time,Indore,Madhya Pradesh,India,4
Professional Utilities,Video Editor,7,Mid-Senior level,11-50,2273,Accounting,Full-time,Delhi,Delhi,India,4
Business Employment,Document verification office,6,Entry level,11-50,792,IT Services and IT Consulting,Full-time,Delhi,Delhi,India,4
Biz Staffing Comrade Pvt Ltd,Lead - Talent Management - Online/eCommerce,0,Mid-Senior level,11-50,2274,Staffing and Recruiting,Full-time,Bengaluru,Karnataka,India,4
SR B2B Solutions,Branch Operations Manager,0,Mid-Senior level,11-50,3526,Advertising Services,Full-time,Bengaluru,Karnataka,India,4
Armour Corporate Services,Manager - Sales,0,Mid-Senior level,11-50,1666,Staffing and Recruiting,Full-time,Mumbai,Maharashtra,India,4
Universal Consulting,Consultant - Strategy Consulting - Life Science Segment (1-5 yrs),1,Mid-Senior level,11-50,1406,IT Services and IT Consulting,Full-time,Gurgaon,Haryana,India,4
Futures And Careers,Looking for US IT Recruiters-Females -Pan India,2,Entry level,11-50,4348,Human Resources Services,Full-time,Bengaluru,Karnataka,India,4
Armour Corporate Services,Regional Head - Supply Chain and Logistics Business,2,Director,11-50,1666,Staffing and Recruiting,Full-time,Mumbai,Maharashtra,India,4
SR B2B Solutions,Assistant Operations Manager,0,Mid-Senior level,11-50,3526,Advertising Services,Full-time,Bengaluru,Karnataka,India,4
SR B2B Solutions,Branch Accountant,0,Entry level,11-50,3526,Advertising Services,Full-time,Hubli,Karnataka,India,4
SR B2B Solutions,Account Assistant,0,Entry level,11-50,3526,Advertising Services,Full-time,Hyderabad,Telangana,India,4
Spectral Consultants,IT Risk Consultant - Assistant Manager/Manager,0,Mid-Senior level,11-50,22794,Executive Search Services,Full-time,Bengaluru,Karnataka,India,4
SP Solution,work from home,3,Entry level,11-50,365,IT Services and IT Consulting,Full-time,Delhi,Delhi,India,4
SP Solution,Part Time Offline Home Based Data Entry Jobs,3,Entry level,11-50,365,IT Services and IT Consulting,Part-time,Kurnool Mandal,Andhra Pradesh,India,4
Augusta Infotech,US Payroll Associates,2,Entry level,11-50,5576,IT Services and IT Consulting,Full-time,Bengaluru,Karnataka,India,4
SR B2B Solutions,Internal Auditor,0,Mid-Senior level,11-50,3526,Advertising Services,Full-time,Bengaluru,Karnataka,India,4
SR B2B Solutions,Assistant Operations Manager,2,Mid-Senior level,11-50,3526,Advertising Services,Full-time,Indore,Madhya Pradesh,India,4
Sapientury,Recruitment Consultant,2,Entry level,11-50,2033,Education Administration Programs,Full-time,Bengaluru,Karnataka,India,4
SR B2B Solutions,Accountant and Cashier,0,Mid-Senior level,11-50,3526,Advertising Services,Full-time,Hyderabad,Telangana,India,4
SR B2B Solutions,Accountant and Cashier,0,Mid-Senior level,11-50,3526,Advertising Services,Full-time,Belgaum,Karnataka,India,4
Armour Corporate Services,Regional Head - Human Resources - BFSI - North India (9-13 yrs),1,Director,11-50,1666,Staffing and Recruiting,Full-time,Delhi,Delhi,India,4
Infolog Solutions Private Limited,Desktop Support Internship in Bangalore at Infolog Solutions Private Limited,0,Internship,11-50,562,IT Services and IT Consulting,Full-time,Bengaluru,Karnataka,India,4
SR B2B Solutions,Branch Operations Manager,0,Mid-Senior level,11-50,3526,Advertising Services,Full-time,Chennai,Tamil Nadu,India,4
SP Solution,WORK FROM HOME/Computer,0,Entry level,11-50,365,IT Services and IT Consulting,Full-time,Hyderabad,Telangana,India,4
CKS Consulting Engineers Pvt. Ltd,Network Security,0,Entry level,201-500,4259,Human Resources Services,Full-time,Chennai,Tamil Nadu,India,7
Jumio Corporation,"Information Security Officer , Bangalore",2,Mid-Senior level,201-500,34483,Software Development,Temporary,Bengaluru,Karnataka,India,7
Aliens Group Pvt. Ltd.,Brand Manager - Marketing Team,0,Mid-Senior level,201-500,24227,Real Estate,Full-time,Hyderabad,Telangana,India,7
PROLIM Solutions India,Service Desk,0,Entry level,201-500,10958,IT Services and IT Consulting,Full-time,Bengaluru,Karnataka,India,7
Infinity Solutions,Digital Marketing,0,Entry level,201-500,7875,Information Technology & Services,Full-time,Delhi,Delhi,India,7
Eurofins Advinus,Learning & Development Manager,1,Mid-Senior level,201-500,27186,Research Services,Full-time,Bengaluru,Karnataka,India,7
Autoscan India Pvt Ltd,Hr Recruiter,35,Mid-Senior level,201-500,666,Industrial Machinery Manufacturing,Full-time,Pune,Maharashtra,India,7
TECOSIM India,Market Research Internship in Bangalore at Tecosim Engineering Services,0,Internship,201-500,3663,Industrial Machinery Manufacturing,Full-time,Bengaluru,Karnataka,India,7
Supro Consulting,HR Recruiter,0,Mid-Senior level,201-500,35821,Human Resources,Full-time,Surat,Gujarat,India,7
Universities Superannuation Scheme (Ltd),Head - Performance Marketing,0,Director,201-500,6852,Financial Services,Full-time,Chennai,Tamil Nadu,India,7
Aliens Group Pvt. Ltd.,Business Analyst,3,Mid-Senior level,201-500,24227,Real Estate,Full-time,Hyderabad,Telangana,India,7
Autoscan India Pvt Ltd,Manufacturing Engineer,88,Entry level,201-500,666,Industrial Machinery Manufacturing,Full-time,Pune,Maharashtra,India,7
Eurofins Advinus,Senior Information Security Analyst,0,Mid-Senior level,201-500,27186,Research Services,Full-time,Bengaluru,Karnataka,India,7
Eurofins Advinus,Senior Information Security Analyst,0,Mid-Senior level,201-500,27186,Research Services,Full-time,Bengaluru,Karnataka,India,7
Autoscan India Pvt Ltd,Hr Recruiter,18,Mid-Senior level,201-500,666,Industrial Machinery Manufacturing,Full-time,Pimpri Chinchwad,Maharashtra,India,7
Sarvam Safety Equipment Pvt Ltd,CONTENT WRITER,0,Entry level,201-500,180,Public Safety,Full-time,Chennai,Tamil Nadu,India,7
Insight Business Machines Pvt. Ltd.,Digital Marketing Manager,1,Mid-Senior level,201-500,4585,IT Services and IT Consulting,Full-time,Mumbai,Maharashtra,India,7
CodersBrain,React developer,1,Mid-Senior level,201-500,50975,IT Services and IT Consulting,Full-time,Bengaluru North,Karnataka,India,7
ART Housing Finance (India) Ltd,"Reception/Front Desk Management Internship in Delhi, Gurgaon at ART Housing Finance (India) Limited",1,Internship,201-500,30368,Financial Services,Full-time,Delhi,Delhi,India,7
Housejoy,SEO & SMM Internship in Bangalore at Housejoy,1,Internship,201-500,12554,Construction,Full-time,Bengaluru East,Karnataka,India,7
Infinity Solutions,Research Analyst,0,Mid-Senior level,201-500,7875,Information Technology & Services,Full-time,Gurgaon,Haryana,India,7
Aliens Group Pvt. Ltd.,Aliens Group - Online Reputation Manager - Digital Marketing Team,0,Mid-Senior level,201-500,24227,Real Estate,Full-time,Hyderabad,Telangana,India,7
Infinity Solutions,Telecalling Executive,0,Entry level,201-500,7875,Information Technology & Services,Full-time,Bengaluru,Karnataka,India,7
Universities Superannuation Scheme (Ltd),CMO - Growth Marketing - Consumer Tech/EdTech,1,Executive,201-500,6852,Financial Services,Full-time,Bengaluru,Karnataka,India,7
Appian Infotech Inc.,Low-Code Developer,1,Entry level,201-500,13477,Staffing and Recruiting,Full-time,Chennai,Tamil Nadu,India,7
Eurofins Advinus,Senior Associate (SQL DBA),1,Mid-Senior level,201-500,27186,Research Services,Full-time,Bengaluru,Karnataka,India,7
Autoscan India Pvt Ltd,Design Engineer,78,Entry level,201-500,666,Industrial Machinery Manufacturing,Full-time,Pimpri Chinchwad,Maharashtra,India,7
IREU Tech Education Private Limited,Business Development (Sales) part time job/internship at Bangalore in IREU Tech Education Private Limited,1,Internship,201-500,786,E-Learning Providers,Part-time,Bengaluru,Karnataka,India,7
Infinity Solutions,Public Relation Executive (PR),1,Mid-Senior level,201-500,7875,Information Technology & Services,Full-time,Delhi,Delhi,India,7
Eurofins Advinus,Process Associate,2,Entry level,201-500,27186,Research Services,Full-time,Bengaluru,Karnataka,India,7
Auchtel Products Ltd. (Formerly Henkel Chemicals (India) Ltd,"Executive (HR, Personnel and Administration)",0,Mid-Senior level,201-500,4082,Chemical Manufacturing,Full-time,Mumbai,Maharashtra,India,7
Infinity Solutions,Front Desk Executive / Receptionist,1,Mid-Senior level,201-500,7875,Information Technology & Services,Full-time,Delhi,Delhi,India,7
Eurofins Advinus,Process Associate,0,Entry level,201-500,27186,Research Services,Full-time,Bengaluru,Karnataka,India,7
Hero Vired,Graphic Design Internship in Bangalore at Hero Vired,2,Internship,201-500,55702,E-Learning Providers,Full-time,Bengaluru,Karnataka,India,7
Infinity Solutions,Copy Writer,0,Entry level,201-500,7875,Information Technology & Services,Full-time,Delhi,Delhi,India,7
CKS Consulting Engineers Pvt. Ltd,HR Executive,1,Mid-Senior level,201-500,4259,Human Resources Services,Full-time,Chennai,Tamil Nadu,India,7
Euler Motors,Social Media Management Internship in Delhi at Euler Motors,3,Internship,201-500,62903,Motor Vehicle Manufacturing,Full-time,Delhi,Delhi,India,7
Eurofins Advinus,Process Associate,0,Entry level,201-500,27186,Research Services,Full-time,Bengaluru,Karnataka,India,7
VDX.tv,"Specialist Engineering, Testing",6,Entry level,201-500,32110,Advertising Services,Full-time,Noida,Uttar Pradesh,India,7
Growupp,Recruiting Intern,0,N/A,201-500,26259,E-Learning Providers,Full-time,Bhopal,Madhya Pradesh,India,7
Eurofins Advinus,Data Analyst,15,Entry level,201-500,27186,Research Services,Full-time,Bengaluru,Karnataka,India,7
Zebra Technologies,"Software Engineer I (IN), Senior, Data Platform Engineer",7,Mid-Senior level,5001-10000,285865,IT Services and IT Consulting,Full-time,Bengaluru,Karnataka,India,19
Illumina,Customer Service Representative (Aftersales),57,N/A,5001-10000,355914,Biotechnology Research,Full-time,Bengaluru,Karnataka,India,19
Lionbridge,Associate Project Manager,52,Mid-Senior level,5001-10000,284894,Translation and Localization,Full-time,Mumbai,Maharashtra,India,19
Practo,Territory Sales Manager,1,Mid-Senior level,5001-10000,90994,Wellness and Fitness Services,Full-time,Hyderabad,Telangana,India,19
Epiq,Processing Services Analyst,9,Mid-Senior level,5001-10000,133353,Law Practice,Full-time,Hyderabad,Telangana,India,19
ICE,"Risk Analyst, Model Risk Management",10,Entry level,5001-10000,137226,Financial Services,Full-time,Hyderabad,Telangana,India,19
ICE,"Data Analyst, Model Risk Management",54,Entry level,5001-10000,137226,Financial Services,Full-time,Hyderabad,Telangana,India,19
Varian,Tech Intern,24,Internship,5001-10000,239341,Medical Device,Full-time,Pune,Maharashtra,India,19
Zebra Technologies,"Enterprise Systems Analyst B (IN), II",0,Entry level,5001-10000,285865,IT Services and IT Consulting,Full-time,Bengaluru,Karnataka,India,19
ICE,"Senior Business Analyst, Reference Data",3,Entry level,5001-10000,137226,Financial Services,Full-time,Hyderabad,Telangana,India,19
Epiq,Global Support Services Coordinator,10,Entry level,5001-10000,133353,Law Practice,Full-time,Hyderabad,Telangana,India,19
ICE,"Analyst I, Systems Operations",20,Entry level,5001-10000,137226,Financial Services,Full-time,Pune,Maharashtra,India,19
Ahlstrom,"Company Secretary, Regulatory and Legal Compliance",15,Mid-Senior level,5001-10000,27477,Paper and Forest Product Manufacturing,Full-time,Mundra,Gujarat,India,19
TransUnion,Tester,22,Entry level,5001-10000,305336,IT Services and IT Consulting,Full-time,Chennai,Tamil Nadu,India,19
Nutanix,Senior Product Manager,0,Mid-Senior level,5001-10000,408477,Software Development,Full-time,Bengaluru East,Karnataka,India,19
gpac,Manufacturing Converting Manager,3,Entry level,501-1000,130581,Staffing and Recruiting,Full-time,Salem,Tamil Nadu,India,3
gpac,Foreman,3,Entry level,501-1000,130581,Staffing and Recruiting,Full-time,Salem,Tamil Nadu,India,3
Monster India,Graphic Design Internship in Bangalore at Monster India,4,Internship,501-1000,27417,Software Development,Full-time,Bengaluru,Karnataka,India,3
Appen,Social Media Analyst,5,Entry level,501-1000,899600,IT Services and IT Consulting,Part-time,Chennai,Tamil Nadu,India,3
gpac,Senior Accountant,0,Entry level,501-1000,130581,Staffing and Recruiting,Full-time,Salem,Tamil Nadu,India,3
gpac,Audit Supervisor,1,Entry level,501-1000,130581,Staffing and Recruiting,Full-time,Salem,Tamil Nadu,India,3
gpac,Quality Inspector,27,Entry level,501-1000,130581,Staffing and Recruiting,Full-time,Salem,Tamil Nadu,India,3
gpac,Geotechnical Project Coordinator,1,Entry level,501-1000,130581,Staffing and Recruiting,Full-time,Palajori,Jharkhand,India,3
gpac,project manager,0,Entry level,501-1000,130581,Staffing and Recruiting,Full-time,Salem,Tamil Nadu,India,3
Antier Solutions,Business Analyst - Finance Domain (1-3 yrs),1,Mid-Senior level,501-1000,14128,IT Services and IT Consulting,Full-time,Chandigarh,Chandigarh,India,3
gpac,Banking Accountant,1,Entry level,501-1000,130581,Staffing and Recruiting,Full-time,Rolla,Andhra Pradesh,India,3
gpac,Maintenance Tech,0,Entry level,501-1000,130581,Staffing and Recruiting,Full-time,Salem,Tamil Nadu,India,3
ReNew Power,Team Member-Project Execution_M,1,Entry level,501-1000,193915,Renewable Energy Semiconductor Manufacturing,Full-time,Jaipur,Rajasthan,India,3
gpac,Staff Accountant,1,Entry level,501-1000,130581,Staffing and Recruiting,Full-time,Salem,Tamil Nadu,India,3
gpac,Solar Sales Rep,0,Entry level,501-1000,130581,Staffing and Recruiting,Full-time,Palajori,Jharkhand,India,3
IRIS Business Services Limited,IRIS Business Services - Manager - Product Marketing,0,Mid-Senior level,501-1000,6573,Information Technology & Services,Full-time,Navi Mumbai,Maharashtra,India,3
ReNew Power,Team Member- DC Engineering_AM,1,Entry level,501-1000,193915,Renewable Energy Semiconductor Manufacturing,Full-time,Jaipur,Rajasthan,India,3
gpac,SALES EXECUTIVE,1,Entry level,501-1000,130581,Staffing and Recruiting,Contract,Salem,Tamil Nadu,India,3
gpac,Flooring Project Manager,1,Entry level,501-1000,130581,Staffing and Recruiting,Full-time,Salem,Tamil Nadu,India,3
gpac,Senior Project Manager (Solar),2,Entry level,501-1000,130581,Staffing and Recruiting,Full-time,Salem,Tamil Nadu,India,3
Gramophone,Specialist Technical Domain,1,Entry level,501-1000,23343,Internet Publishing,Full-time,Gurgaon,Haryana,India,3
Dew Solutions Pvt Ltd,Data Entry Internship in Gurgaon at Dew Solutions Private Limited,3,Internship,501-1000,39636,IT Services and IT Consulting,Full-time,Gurgaon,Haryana,India,3
Avenues India Private Limited,Record To Report Role - CA Firm - Contractual Role,0,Entry level,501-1000,2912,IT Services and IT Consulting,Full-time,Mumbai,Maharashtra,India,3
gpac,Sales & Technical Support Manager,0,Entry level,501-1000,130581,Staffing and Recruiting,Contract,Salem,Tamil Nadu,India,3
gpac,Tech Sales Account Executive,0,Entry level,501-1000,130581,Staffing and Recruiting,Full-time,Salem,Tamil Nadu,India,3
SAPRO,Talent Acquisition Coordinator (On-site),21,Entry level,501-1000,25544,Business Consulting and Services,Full-time,Bengaluru,Karnataka,India,3
gpac,Sign Installer,0,Entry level,501-1000,130581,Staffing and Recruiting,Full-time,Salem,Tamil Nadu,India,3
gpac,Drywall Project Manager: $90K-$125K,0,Entry level,501-1000,130581,Staffing and Recruiting,Full-time,Salem,Tamil Nadu,India,3
gpac,Operations Manager (Solar),1,Entry level,501-1000,130581,Staffing and Recruiting,Full-time,Salem,Tamil Nadu,India,3
Mobiloitte,Quality Analyst,1,Mid-Senior level,501-1000,26844,Blockchain Services,Full-time,Delhi,Delhi,India,3
gpac,Property Manager,1,Entry level,501-1000,130581,Staffing and Recruiting,Full-time,Salem,Tamil Nadu,India,3
Kalypso: A Rockwell Automation Business,Tech. Consultant - Kalypso,1,Entry level,501-1000,15763,Business Consulting and Services,Full-time,Pune,Maharashtra,India,3
gpac,Glazing Estimator,0,Entry level,501-1000,130581,Staffing and Recruiting,Full-time,Salem,Tamil Nadu,India,3
Recruitment- IndianMoney,Executive Assistant to VP,0,Mid-Senior level,501-1000,1022,Financial Services,Full-time,Bengaluru,Karnataka,India,3
gpac,Glass & Glazing Estimator,1,Entry level,501-1000,130581,Staffing and Recruiting,Full-time,Salem,Tamil Nadu,India,3
gpac,Glass & Glazing Estimator,0,Entry level,501-1000,130581,Staffing and Recruiting,Full-time,Salem,Tamil Nadu,India,3
Share India,Share India - Strategy Manager,0,Mid-Senior level,501-1000,944,Financial Services,Full-time,Noida,Uttar Pradesh,India,3
Share India,Share India - Strategy Manager,0,Mid-Senior level,501-1000,921,Financial Services,Full-time,Noida,Uttar Pradesh,India,3
Avenues India Private Limited,Bank Reconciliation Role - Boutique CA Firm,0,Entry level,501-1000,2912,IT Services and IT Consulting,Full-time,Navi Mumbai,Maharashtra,India,3
gpac,Drywall Estimator: $90K-$125K,4,N/A,501-1000,130581,Staffing and Recruiting,Full-time,Salem,Tamil Nadu,India,3
CIEL HR,MIS Executive,0,Mid-Senior level,501-1000,121761,Human Resources Services,Full-time,Bengaluru,Karnataka,India,3
Godrej Industries Limited (Chemicals),Manager/Deputy General Manager - R and D,1,Director,501-1000,34675,Chemical Manufacturing,Full-time,Mumbai,Maharashtra,India,3
Mold-Tek Technologies Limited,Position - Sr.Checker,0,Entry level,501-1000,25599,IT Services and IT Consulting,Full-time,Vijayawada,Andhra Pradesh,India,3
gpac,Flooring Sales,0,N/A,501-1000,130581,Staffing and Recruiting,Full-time,Salem,Tamil Nadu,India,3
Alphanumeric Systems,German Customer Service Helpdesk Analyst (Work from Home) – India,36,Entry level,501-1000,39029,Hospitals and Health Care,Full-time,Delhi,Delhi,India,3
gpac,Top Hand,0,N/A,501-1000,130581,Staffing and Recruiting,Full-time,Salem,Tamil Nadu,India,3
Fingent,Creative Executive Motion Graphics Designer,0,Entry level,501-1000,26088,IT Services and IT Consulting,Full-time,Kochi,Kerala,India,3
IRIS Business Services Limited,Technical Program/Project Manager,1,Mid-Senior level,501-1000,6573,Information Technology & Services,Full-time,Mumbai,Maharashtra,India,3
gpac,Travel Superintendent-Construction,1,N/A,501-1000,130581,Staffing and Recruiting,Full-time,Salem,Tamil Nadu,India,3
Testbook,Assistant Manager - Human Resources/Payroll and Compliance,1,Entry level,501-1000,109489,E-Learning Providers,Full-time,Mumbai,Maharashtra,India,3
Gurgaon IT Hub,Great Learning - Assistant Manager - People Operations,2,Mid-Senior level,501-1000,2466,Outsourcing and Offshoring Consulting,Full-time,Delhi,Delhi,India,3
SA Technologies Inc.,Hardware_ Wiring Harness Engineer,4,Associate,501-1000,47009,IT Services and IT Consulting,Full-time,Pune,Maharashtra,India,3
ReNew Power,Manager,0,Mid-Senior level,501-1000,193915,Renewable Energy Semiconductor Manufacturing,Full-time,Delhi Cantonment,Delhi,India,3
Alliance Recruitment Agency,Procurement Engineer,0,Entry level,51-200,17854,Human Resources Services,Full-time,Bengaluru,Karnataka,India,3
Arissa India,Social Media / Digital Marketing Expert,0,Entry level,51-200,540,IT Services and IT Consulting,Full-time,Bengaluru,Karnataka,India,3
Lavya Associates HR Services,Walk in Interviews | Officer Executive - Ludhiana,0,Entry level,51-200,8986,Human Resources Services,Full-time,Ludhiana,Punjab,India,3
ClickPost,Account Executive/Senior Manager - Business Development/Sales,0,Mid-Senior level,51-200,10769,Software Development,Full-time,Delhi,Delhi,India,3
Alliance Recruitment Agency,APPLY NOW EDTECH PROGRAMME MANAGER,2,Entry level,51-200,17854,Human Resources Services,Full-time,Pune,Maharashtra,India,3
Learning Routes,Business Development Associate,12,N/A,51-200,17656,E-Learning Providers,Full-time,Mumbai,Maharashtra,India,3
Onjob Group,Retail Sales Associate for Reputed Luxury Brand,0,Entry level,51-200,549,Human Resources Services,Full-time,Bengaluru,Karnataka,India,3
Combustion Research Associates,Draughtsman,21,Executive,51-200,4182,Industrial Machinery Manufacturing,Full-time,Noida,Uttar Pradesh,India,3
Techjockey.com,Data Entry part time job/internship at Delhi in Techjockey,16,Internship,51-200,11709,IT Services and IT Consulting,Part-time,Delhi,Delhi,India,3
"Verify, Inc.",Manager - Talent Acquisition - NBFC (1-4 yrs),0,Mid-Senior level,51-200,12122,Aviation and Aerospace Component Manufacturing,Full-time,Pune,Maharashtra,India,3
Maven Workforce Inc.,Supply Chain Consulting Role - Transformation Program (6-20 yrs),1,Entry level,51-200,52941,Staffing and Recruiting,Full-time,Mumbai,Maharashtra,India,3
Unnati,Senior Manager - Credit Finance,1,Mid-Senior level,51-200,19789,Farming,Full-time,Chennai,Tamil Nadu,India,3
AXO Recruitment & Staffing Services,Regional Development Manager - Sales - FMCG,0,Mid-Senior level,51-200,304,Staffing and Recruiting,Full-time,Delhi,Delhi,India,3
nTech Workforce - India,Telesales/telemarketing Executive,0,Mid-Senior level,51-200,3571,Staffing and Recruiting,Full-time,Hyderabad,Telangana,India,3
ConsultBae,Senior Manager/Director - Organic Growth,1,Mid-Senior level,51-200,7196,Staffing and Recruiting,Full-time,Chennai,Tamil Nadu,India,3
Helix,Program Manager - Hospitality Firm,0,Entry level,51-200,14687,Motor Vehicle Manufacturing,Full-time,Delhi,Delhi,India,3
nTech Workforce - India,Senior Backend Developer,1,Mid-Senior level,51-200,3571,Staffing and Recruiting,Full-time,Hyderabad,Telangana,India,3
ACCA Careers,Analyst - Payments/Invoicing,2,Entry level,51-200,107159,Accounting,Full-time,Bengaluru,Karnataka,India,3
Abservetech Private Limited,Business Analyst,0,Mid-Senior level,51-200,3916,Software Development,Full-time,Madurai,Tamil Nadu,India,3
Talent Acceleration Corridor (TA Corridor),Client Lead - Media Sales,0,Mid-Senior level,51-200,5049,Human Resources Services,Full-time,Gurgaon,Haryana,India,3
Symbiosis Management Consultants P Limited,Head - Marketing - Auto Components,1,Director,51-200,3949,Human Resources Services,Full-time,Delhi,Delhi,India,3
WEN- Women Entrepreneur Network,Brand Manager - FMCG,1,Mid-Senior level,51-200,17117,Human Resources Services,Full-time,Delhi,Delhi,India,3
Alliance Recruitment Agency,Sales Captain,0,Mid-Senior level,51-200,17854,Human Resources Services,Full-time,Kolkata,West Bengal,India,3
Alliance Recruitment Agency,Social Media Manager,0,Mid-Senior level,51-200,17854,Human Resources Services,Full-time,Delhi,Delhi,India,3
CoreStack,Administration,0,Mid-Senior level,51-200,16466,Software Development,Full-time,Chennai,Tamil Nadu,India,3
Auburn Digital Solutions,Social Media Internship in Bangalore at Auburn Digital Solutions,0,Internship,51-200,10863,Advertising Services,Full-time,Bengaluru,Karnataka,India,3
"Arrcus, Inc.",[BLR] Network Platform Development Engineer- TL,0,Entry level,51-200,4382,Computer Networking Products,Full-time,Bengaluru,Karnataka,India,3
STARWORTH GLOBAL SOLUTIONS,US IT Recruiter,6,Entry level,51-200,2696,Staffing and Recruiting,Full-time,Bengaluru,Karnataka,India,3
ARC Consulting,Head - HR and Communications - BPO,3,Director,51-200,1714,IT Services and IT Consulting,Full-time,Gurgaon,Haryana,India,3
Jupiter,SDE-III,0,Mid-Senior level,51-200,6779,IT Services and IT Consulting,Full-time,Bengaluru,Karnataka,India,3
Suresh & Co.,Documentation Executive,0,Mid-Senior level,51-200,862,Accounting,Full-time,Kottayam,Kerala,India,3
Reagles media pvt ltd,Content Writer,20,Entry level,51-200,57,Financial Services,Full-time,Bhopal,Madhya Pradesh,India,3
Patchwork Health,Product Manager,1,Mid-Senior level,51-200,6238,Hospitals and Health Care,Temporary,Kubolong,Nagaland,India,3
Linguee Global Solutions,Human Resources (HR) Internship in Delhi at Linguee Global Solutions,1,Internship,51-200,7912,Human Resources Services,Full-time,Delhi,Delhi,India,3
Spigot Software Pvt. Ltd.,Verification Engineer,0,Mid-Senior level,51-200,1585,Software Development,Full-time,Bengaluru North,Karnataka,India,3
ClickPost,Sales Development Representative,1,Entry level,51-200,10769,Software Development,Full-time,Chennai,Tamil Nadu,India,3
ConsultBae,Vice President - Business Head - PayOuts - FinTech,1,Executive,51-200,7196,Staffing and Recruiting,Full-time,Mumbai,Maharashtra,India,3
Ananta Resource Management,Personnel administrator_HR Admin 3-4yrs 20-25k Mumbai,1,Mid-Senior level,51-200,19108,Human Resources Services,Full-time,Mumbai,Maharashtra,India,3
Alliance Recruitment Agency,Embedded Faculty,1,Mid-Senior level,51-200,17854,Human Resources Services,Full-time,Bengaluru,Karnataka,India,3
Patchwork Health,Junior Bid Manager,0,Mid-Senior level,51-200,6238,Hospitals and Health Care,Full-time,Kubolong,Nagaland,India,3
Squareboat,Product Manager,1,Entry level,51-200,31669,IT Services and IT Consulting,Full-time,Gurgaon,Haryana,India,3
Suresh & Co.,Documentation Executive,1,Mid-Senior level,51-200,862,Accounting,Full-time,Thrissur,Kerala,India,3
Helix,Growth Head - Internet/Online,0,Entry level,51-200,14687,Motor Vehicle Manufacturing,Full-time,Mumbai,Maharashtra,India,3
Alliance Recruitment Agency,HR,0,Entry level,51-200,17854,Human Resources Services,Full-time,Ahmedabad,Gujarat,India,3
nTech Workforce - India,Java Developer,12,Entry level,51-200,3571,Staffing and Recruiting,Full-time,Bengaluru,Karnataka,India,3
Amitoje India,Enterprise Sales Manager,5,Associate,51-200,6931,Advertising Services,Full-time,Bengaluru,Karnataka,India,3
Amitoje India,Corporate Sales - Manager,11,Associate,51-200,6931,Advertising Services,Full-time,Bengaluru,Karnataka,India,3
LINEUP,Specialist - Customer Service Escalation - eCommerce,2,Entry level,51-200,571,IT Services and IT Consulting,Full-time,Mumbai,Maharashtra,India,3
FunctionUp,Program Management Internship in Bangalore at FunctionUp,0,Internship,51-200,16608,E-Learning Providers,Full-time,Bengaluru,Karnataka,India,3
Alliance Recruitment Agency,Back End Operations,0,Entry level,51-200,17854,Human Resources Services,Full-time,Bengaluru,Karnataka,India,3
Suresh & Co.,Documentation Executive,0,Mid-Senior level,51-200,862,Accounting,Full-time,Kochi,Kerala,India,3
